id,url
108,https://auctions.yahoo.co.jp/search/search?min=0&max=&va=コントローラ&n=50&mode=1&auccat=22850&fixed=2
37,https://auctions.yahoo.co.jp/search/search?min=0&max=&va=本体&n=50&mode=1&auccat=22850&fixed=2
199,https://auctions.yahoo.co.jp/search/search?min=0&max=&va=本体&n=50&mode=1&auccat=22860&fixed=2
193,https://auctions.yahoo.co.jp/search/search?min=0&max=&va=本体&n=50&mode=1&auccat=2084237619&fixed=2
244,https://auctions.yahoo.co.jp/search/search?min=0&max=&va=本体&n=50&mode=1&auccat=2084290226&fixed=2
100,https://auctions.yahoo.co.jp/search/search?min=0&max=&va=つりコン64&n=50&mode=1&auccat=22850&fixed=2
210,https://auctions.yahoo.co.jp/search/search?min=0&max=&va=メモリーカード&n=50&mode=1&auccat=22860&fixed=2
154,https://auctions.yahoo.co.jp/search/search?min=10000&max=&va=コントローラ&n=50&mode=1&auccat=2084045784&fixed=2
95,https://auctions.yahoo.co.jp/search/search?min=0&max=&va=クラシックコントローラーPRO&n=50&mode=1&auccat=2084217064&fixed=2
99,https://auctions.yahoo.co.jp/search/search?min=3000&max=&va=リモコン&n=50&mode=1&auccat=2084217064&fixed=2
