Token,Frequency
nintendo,460
game,430
console,378
japan,325
games,307
2,294
video,293
com,258
tested,253
controller,248
box,244
new,219
system,198
1,190
original,173
set,164
001,163
r,159
used,158
switch,142
de,139
w,138
3,137
black,133
controllers,131
japanese,130
super,129
edition,126
handheld,125
white,124
ds,121
famicom,121
video game,120
youtube,117
nintendo ds,115
working,115
nintendo switch,115
video games,114
con,111
blue,111
color,108
consoles,107
case,106
game console,102
retro,97
x,96
mario,95
charger,94
online,86
lite,84
classic,84
4,82
oem,79
bundle,78
nes,78
gaming,76
red,75
lot,75
wireless,75
para,72
joy,72
5,71
en,70
boy,68
nintendo game,68
gameboy,67
game boy,67
ds lite,66
mini,66
limited,65
vintage,64
joy con,63
ntsc,62
snes,61
playstation,61
silver,58
nintendo gameboy,58
pad,57
super famicom,57
uk,56
picclick,56
rare,54
parts,54
home,54
famicom console,54
sfc,53
nintendo super,52
stylus,51
cover,50
8,50
gamepad,50
oled,50
j,49
jp,49
boxed,49
facebook,49
gray,48
sony,48
replacement,48
computer,48
import,47
control,47
pc,47
dsi,46
model,46
nintendo famicom,46
handheld system,45
buy,45
shell,45
wii,45
genuine,45
family,45
super nintendo,45
mercadolibre,44
usb,44
region,44
authentic,43
advance,43
ntsc j,42
compatible,42
tiktok,42
las,41
works,41
tested working,41
family computer,41
wired,41
pink,40
accessories,40
famicom controller,40
joystick,40
switch oled,40
メルカリ,39
sony playstation,39
yahoo,38
mejores,38
3ds,38
xbox,38
pokemon,37
version,37
screen,37
6,37
gba,36
nds,36
ofertas,36
manual,36
pro,36
fc,36
neon,36
nintendo dsi,35
consola,35
juegos,35
ps2,35
videojuegos,34
las mejores,34
mejores ofertas,34
ofertas en,34
ps3,34
gamecube,34
switch joy,34
lite console,33
junk,33
10,33
clear,33
wireless controller,33
la,32
cable,32
super mario,32
complete,32
classic mini,32
nintendo gamecube,32
boy advance,31
nintendo classic,31
hvc,31
nintendo snes,31
por,30
software,30
sfc snes,30
ps1,30
eur,29
one,29
joycon,29
handheld console,28
ver,28
tv,28
green,28
console japan,27
xl,27
playstation 2,27
switch console,27
india,26
card,26
shvc,26
l,26
game controller,26
gamecube controller,26
sin,25
original nintendo,25
pack,25
japan import,25
right,25
dual,25
segunda,24
mano,24
001 console,24
gameboy advance,24
dragon,24
wall,24
nintendo nes,24
playstation 1,24
wallapop,23
segunda mano,23
de segunda,23
el,23
us,23
lite handheld,23
32gb,23
repair,23
untested,23
limited edition,23
good,23
light,23
famicom snes,23
con controller,23
cartridge,22
usg,22
7,22
co,22
gold,22
battery,22
entertainment,22
gb,22
cons,22
joy cons,22
hori,22
usa,21
mano por,21
storage,21
e,21
housing,21
kit,21
game consoles,21
nintendo family,21
arcade,21
scph,21
gc,21
left,21
hac,21
dualshock,21
bag,20
eur en,20
playstation 3,20
lcd,20
custom,20
purple,20
neon red,20
ntr,19
ntr 001,19
interés,19
consolas,19
ds original,19
usg 001,19
condition,19
adapter,19
kitchen,19
series,19
aliexpress,19
brand,19
entertainment system,19
snes super,19
snes controller,19
famicom sfc,19
turbo,19
bluetooth,19
sin interés,18
nintendo 3ds,18
pocket,18
sega,18
grey,18
famicom nes,18
micro,18
microsoft,18
dol,18
dsi console,17
anniversary,17
es,17
crystal,17
juego,17
los,17
instagram,17
de videojuegos,17
ds console,17
platinum,17
sealed,17
yellow,17
led,17
display,17
soft,17
art,17
seller,17
64,17
play,17
gameboy color,17
left right,17
ps,17
leather,16
white console,16
original ntr,16
offerup,16
ice,16
bros,16
pokémon,16
quest,16
remote,16
buttons,16
hvc 001,16
nintendo entertainment,16
boy color,16
controller nintendo,16
switch controller,16
grip,16
con l,16
neon blue,16
microsoft xbox,16
console white,15
cargador,15
オークション,15
yahoo オークション,15
portable,15
body,15
silver console,15
dragon quest,15
9,15
player,15
que,15
best,15
power,15
av,15
console controller,15
gbc,15
gameboy micro,15
joycons,15
hac 001,15
wired controller,15
playstation ps1,15
various,14
c,14
nintendo wii,14
vibration,14
machine,14
size,14
women,14
360,14
full,14
week,14
depot,14
tile,14
office,14
us seller,14
shvc 001,14
classic controller,14
stick,14
boy micro,14
dock,14
red blue,14
l r,14
analog,14
ngc,14
black console,13
gundam,13
colors,13
negro,13
caja,13
consola nintendo,13
本体,13
u,13
console bundle,13
new nintendo,13
keyboard,13
mercadolivre,13
01,13
em,13
フリマ,13
1 week,13
week usa,13
home depot,13
electronics,13
car,13
3d,13
metal,13
protective,13
advance gba,13
ips,13
android,13
genuine nintendo,13
switch neon,13
station,13
cube,13
003,13
dol 003,13
touch,12
console charger,12
japanese ver,12
crystal white,12
platinum silver,12
center,12
tested works,12
pal,12
slim,12
metallic,12
read,12
2025,12
12,12
xbox 360,12
旧paypayフリマ,12
skin,12
para nintendo,12
brand new,12
silicone,12
mod,12
switch online,12
hdmi,12
real,12
snes console,12
1 ps1,12
oxy,12
pro controller,12
dual vibration,12
ps4,12
nintendo 64,12
n64,12
game cube,12
console black,11
cuotas,11
estado,11
consolas de,11
console box,11
monster,11
ice blue,11
inch,11
yahoo フリマ,11
フリマ 旧paypayフリマ,11
stand,11
products,11
0,11
glass,11
mobile,11
charging,11
switch lite,11
housing shell,11
toys,11
consola de,11
belt,11
computer famicom,11
8bitdo,11
w box,11
joypad,11
tested japan,11
fight,11
agb,11
agb 001,11
oled model,11
switch 2,11
con controllers,11
pen,10
20th,10
se,10
final,10
lite white,10
rojo,10
cuotas sin,10
navy,10
kart,10
box manual,10
titanium,10
cib,10
choose,10
edition console,10
sem,10
mx,10
panel,10
electric,10
2025年最新,10
famicom japan,10
first,10
museum,10
nintendo museum,10
bit,10
memory,10
special,10
oxy 001,10
micro console,10
dmg,10
v2,10
blue red,10
tray,9
handheld game,9
white handheld,9
twl,9
dsi xl,9
20th anniversary,9
gris,9
incluye,9
juegos de,9
de juegos,9
mario kart,9
lite crystal,9
ds silver,9
11,9
square,9
1 2,9
co jp,9
vídeo,9
cassette,9
blue console,9
20,9
tape,9
envío,9
picclick es,9
15,9
1200,9
ca,9
home kitchen,9
made,9
iv,9
n,9
turquoise,9
unit,9
disk,9
console boxed,9
controller switch,9
computer console,9
console system,9
2 controllers,9
controlador,9
club,9
005,9
101,9
auction,9
toy,9
controles,9
ps1 scph,9
mando,9
r gameboy,9
advance console,9
backlit,9
color console,9
64gb,9
compatible nintendo,9
shock,9
red joy,9
2 ps2,9
dualshock 2,9
controller black,9
gamecube console,9
wallet,8
w charger,8
r4,8
fantasy,8
final fantasy,8
azul,8
rosa,8
sp,8
australia,8
ndsl,8
hp,8
wii u,8
2ds,8
4g,8
mario bros,8
3ds xl,8
5 6,8
24,8
collection,8
ndsi,8
choose color,8
dreamcast,8
olx,8
reviews,8
portátil,8
pg,8
ceramic,8
de la,8
bags,8
board,8
mat,8
price,8
large,8
logo,8
del,8
holder,8
닌텐도,8
console silver,8
digital,8
de vídeo,8
monsters,8
v,8
konami,8
windows,8
old,8
z,8
button,8
nes console,8
hd,8
built,8
phone,8
snes japan,8
club nintendo,8
mini super,8
controller snes,8
shvc 005,8
mandos,8
rf,8
fighting,8
color gbc,8
orange,8
switch pro,8
unboxing,8
nintendo joy,8
wireless controllers,8
switch hac,8
blue neon,8
heg,8
psone,8
dualshock 3,8
playstation2,8
twl 001,7
como,7
polar,7
polar white,7
pantalla,7
任天堂,7
advance sp,7
broken,7
pink console,7
anniversary edition,7
4 5,7
7 8,7
ds dragon,7
j japan,7
hard,7
parcelamento,7
juros,7
module,7
lite ice,7
radio,7
com mx,7
enamel,7
handle,7
laptop,7
type,7
un,7
smart,7
b,7
print,7
office products,7
de nintendo,7
protector,7
console w,7
case nintendo,7
중고거래,7
브랜드,7
플랫폼,7
번개장터,7
브랜드 중고거래,7
중고거래 플랫폼,7
플랫폼 번개장터,7
zelda,7
style,7
vídeo game,7
usado,7
hand,7
mirror,7
disk system,7
ファミコン,7
cushion,7
famicom nintendo,7
world,7
download,7
japan 1,7
famicom original,7
smash,7
retro game,7
plus,7
nes controller,7
gaming controller,7
figure,7
design,7
sfc super,7
kong,7
cables,7
multi,7
nes hvc,7
toys games,7
online india,7
fighter,7
controladores,7
micro famicom,7
famicom color,7
micro 20th,7
dmg 01,7
indigo,7
backlight,7
cgb,7
cgb 001,7
boy pocket,7
gameboy pocket,7
oled console,7
wake,7
motion,7
right joy,7
straps,7
strap,7
marketplace,7
red neon,7
controller lot,7
analog controller,7
scph 1200,7
saturn,7
sega saturn,7
controller white,7
360 controller,7
gamecube wii,7
64 n64,7
gamecube silver,7
hyakushiki,7
hyakushiki gold,7
playstation2 ps2,7
sony playstation2,7
suit,7
mobile suit,7
suit z,7
z gundam,7
55000,7
scph 55000,7
gu,7
55000 gu,7
f,6
sd,6
console nintendo,6
charger stylus,6
precio,6
botones,6
dsi pink,6
funcionando,6
photos,6
coral,6
launch,6
launch edition,6
2008,6
ds platinum,6
animal,6
crossing,6
animal crossing,6
sticker,6
ds game,6
quest 4,6
enix,6
ds japan,6
क,6
स,6
nintendods,6
sega dreamcast,6
parcelamento sem,6
sem juros,6
ac,6
systems,6
camera,6
blanco,6
gratis,6
audio,6
50,6
original console,6
dhl,6
japan dhl,6
dhl 1,6
door,6
beige,6
organizer,6
plastic,6
low,6
stock,6
photo,6
travel,6
kids,6
site,6
watch,6
게임,6
na,6
scale,6
vi,6
ultimate,6
ii,6
blue video,6
violet,6
famicom disk,6
online famicom,6
bandai,6
gyro,6
ship,6
2 4g,6
mini family,6
salling,6
real yahoo,6
yahoo auction,6
auction salling,6
big,6
2 controller,6
ags,6
glacier,6
transparent,6
mgb,6
pikachu,6
switch switch,6
wireless pro,6
inalámbrico,6
iphone,6
prices,6
xbox series,6
ns,6
pair,6
caps,6
console neon,6
switch 32gb,6
heg 001,6
dance,6
facebook marketplace,6
work,6
controller playstation,6
skeleton,6
360 wireless,6
mad,6
ps3 controller,6
arcade stick,6
fighting stick,6
dol 001,6
controller scph,6
dual shock,6
controller hyakushiki,6
ps2 hyakushiki,6
sony dualshock,6
controller gold,6
pouch,5
purse,5
dsi handheld,5
black handheld,5
plata,5
g,5
generation,5
console stylus,5
lite final,5
menú,5
negro mercadolibre,5
todos,5
en caja,5
rosa mercadolibre,5
coral pink,5
pink handheld,5
berry,5
console pink,5
black japan,5
various colors,5
white box,5
lite body,5
00,5
phat,5
hunter,5
monster hunter,5
dq,5
wholesale,5
square enix,5
game software,5
lot 2,5
ds ntr,5
console ntr,5
console tested,5
र,5
ल,5
page,5
rgb,5
r nintendods,5
rose,5
parts repair,5
lite usg,5
random,5
console set,5
mint,5
track,5
envío gratis,5
para consola,5
da,5
buen,5
cover case,5
tank,5
front,5
standard,5
star,5
fabric,5
100,5
paper,5
time,5
import us,5
cd,5
en nintendo,5
system white,5
japanese version,5
ニンテンドーds,5
teal,5
blue japan,5
dvd,5
ds nds,5
carcasa,5
consoles de,5
quest iv,5
accesorios,5
famicom controllers,5
nintendo controller,5
vhs,5
smash bros,5
fc game,5
retro bit,5
ubuy,5
snes sfc,5
compatible machine,5
drive,5
shells,5
controller 2,5
faceplate,5
console shvc,5
nintendo console,5
wii super,5
cleaned,5
nintendo sfc,5
turbo controller,5
um,5
train,5
99,5
plush,5
ps1 console,5
7000,5
scph 7000,5
console sfc,5
remote control,5
street,5
street fighter,5
book,5
famicom classic,5
ags 001,5
sp console,5
méxico,5
boy console,5
side,5
advance agb,5
gba game,5
excellent,5
battle,5
mgb 001,5
ex,5
minecraft,5
music,5
high,5
support,5
motion control,5
controller gamepad,5
mount,5
series x,5
prices india,5
anti,5
neon yellow,5
yellow joy,5
controllers nintendo,5
blue joy,5
patreon,5
001 01,5
deluxe,5
splatoon,5
splatoon 3,5
switch dock,5
controller left,5
white joy,5
oem genuine,5
xbox one,5
marketplace facebook,5
controller sfc,5
snes controllers,5
ps1 ps2,5
saturn controller,5
3 ps3,5
online low,5
low prices,5
catz,5
mad catz,5
controle,5
fio,5
fight stick,5
controller dol,5
ps2 scph,5
gold mobile,5
10010,5
scph 10010,5
xbox controller,5
xbox original,5
r gamecube,5
clutch,4
touch pen,4
crimson,4
japan f,4
fat,4
stylus charger,4
giratina,4
todos los,4
los botones,4
console red,4
lite coral,4
lite rosa,4
console handheld,4
dsi black,4
new sealed,4
red console,4
pokemon center,4
piece,4
6 9,4
9 3ds,4
3ds 7,4
8 11,4
2006,4
pearl,4
7games,4
charger choose,4
म,4
ह,4
pocket monster,4
pink nintendo,4
psp,4
plate,4
console parts,4
2025 youtube,4
8 track,4
poshmark,4
item,4
full housing,4
30,4
enamel navy,4
jet,4
game system,4
console various,4
lid,4
universal,4
question,4
ft,4
wall tile,4
3 x,4
x 6,4
vinyl,4
desk,4
meses,4
meses sin,4
dark,4
background,4
sensor,4
rear,4
gift,4
alibaba,4
alibaba com,4
outdoor,4
window,4
movie,4
canvas,4
makeup,4
tools,4
iii,4
新品,4
ds japanese,4
age,4
box nintendo,4
global,4
bunjang,4
bunjang global,4
global site,4
001 white,4
ニンテンドーds lite,4
decal,4
2007,4
accessory,4
turquoise blue,4
당근,4
네이버,4
블로그,4
네이버 블로그,4
쿠팡,4
중고나라,4
filter,4
girls,4
white video,4
disney,4
shopee,4
brasil,4
lite metallic,4
case cover,4
fully,4
en consolas,4
jogos,4
cor,4
v vi,4
の落札相場,4
落札価格,4
の落札相場 落札価格,4
cards,4
16,4
top,4
vintage video,4
controller limited,4
peças,4
br,4
com br,4
system hvc,4
console hvc,4
unused,4
robot,4
computer robot,4
012,4
hvc 012,4
robot hvc,4
famicom robot,4
super smash,4
images,4
freak,4
https,4
canada,4
controller shells,4
nes classic,4
classic edition,4
002,4
oem nintendo,4
baseball,4
atari,4
bulk,4
fan,4
big cushion,4
plush toy,4
toy big,4
controller plush,4
live,4
2023,4
w controller,4
console gray,4
original sony,4
sfc japan,4
500,4
pin,4
working tested,4
nintendo belt,4
sfc controller,4
controller genuine,4
oem sfc,4
rf switch,4
psu,4
fire,4
game box,4
donkey,4
donkey kong,4
guide,4
en controladores,4
controladores de,4
double,4
konsole,4
japan gba,4
gba sp,4
silver japan,4
pocket monsters,4
gbm,4
milky,4
milky blue,4
books,4
edition nintendo,4
ceramic white,4
gameboy dmg,4
tetris,4
pocket console,4
painting,4
videos,4
pokemon pikachu,4
gbp,4
great,4
anniversary famicom,4
axis,4
6 axis,4
charging dock,4
mario red,4
slip,4
case switch,4
pdp,4
games consoles,4
switch joycon,4
pastel,4
switch controllers,4
controller pink,4
protective case,4
pastel pink,4
thumb,4
tv dock,4
dock station,4
motor,4
railway,4
switch game,4
memory card,4
v1,4
customer,4
customer reviews,4
nintendoswitch,4
wrist,4
grips,4
스위치,4
valve,4
controller joystick,4
video gaming,4
tested used,4
mac,4
sindou,4
sindou pad,4
analog sindou,4
pad 2,4
preto,4
hst,4
ss,4
hss,4
3220,4
saturn console,4
pad hss,4
game controllers,4
360 controllers,4
psx,4
controllers sony,4
250gb,4
de xbox,4
controle de,4
controller silver,4
ps3 pc,4
para sony,4
hitbox,4
arcade controller,4
dol 101,4
enjoy,4
wavebird,4
003 tested,4
oem controller,4
ps2 original,4
original controller,4
gundam scph,4
sony ps3,4
controller gray,4
original xbox,4
joystick xbox,4
indigo purple,4
serving,3
dsi white,3
com nintendo,3
zekrom,3
edition black,3
reshiram,3
saga,3
lite crimson,3
crimson black,3
reshiram zekrom,3
zekrom edition,3
ds fat,3
gris mercadolibre,3
mi,3
lite polar,3
tapa,3
000,3
español,3
operativos,3
menú en,3
en español,3
español incluye,3
cargador usb,3
negra,3
incluye cable,3
cable cargador,3
botones operativos,3
cargador original,3
dsi rosa,3
todo,3
ニンテンドー,3
hinge,3
lite pink,3
noble,3
noble pink,3
hot,3
ntsc u,3
u c,3
console japanese,3
kingdom,3
black box,3
base,3
xl animal,3
25th,3
25th anniversary,3
deviantart,3
ds 3ds,3
game japan,3
set japan,3
mew,3
ds mew,3
mew edition,3
center limited,3
xl console,3
white nintendo,3
r nds,3
good condition,3
3000,3
mechanical,3
frame,3
playstation 4,3
siemens,3
vacuum,3
metallic rose,3
repair junk,3
lite lot,3
dslite,3
lot 5,3
handheld systems,3
random color,3
junk parts,3
shoes,3
tote,3
verde,3
13,3
panasonic,3
sharp,3
lo,3
matte,3
libre,3
jet black,3
console enamel,3
lite system,3
console usg,3
refrigerator,3
shelf,3
shoulder,3
shoulder bag,3
sg,3
automotive,3
plug,3
dell,3
color rosa,3
magnetic,3
luxury,3
red video,3
clothing,3
2024,3
china,3
edge,3
tela,3
pillow,3
galaxy,3
samsung,3
32,3
core,3
poster,3
ट,3
pencil,3
cash,3
water,3
fantasy iii,3
japan game,3
2009,3
ix,3
wario,3
japanese import,3
ds titanium,3
silver handheld,3
metallic blue,3
dsi metallic,3
blue handheld,3
blue nintendo,3
charger tested,3
taiko,3
tatsujin,3
taiko tatsujin,3
dokodon,3
yokai,3
tatsujin ds,3
happy,3
2pcs,3
assembly,3
당근 중고거래,3
취미,3
음반,3
취미 게임,3
게임 음반,3
음반 당근,3
검색결과,3
중고거래 검색결과,3
검색결과 당근,3
mask,3
table,3
professional,3
shell case,3
lite ndsl,3
xd,3
fm,3
speaker,3
go,3
smith,3
trim,3
2004,3
fully working,3
3ds 2ds,3
retro gaming,3
novo,3
caixa,3
express,3
mx videojuegos,3
renewed,3
joker,3
monsters joker,3
iv v,3
ds 2008,3
rpg,3
factory,3
quest v,3
bride,3
11 7games,3
7games set,3
heavenly,3
hand heavenly,3
heavenly bride,3
quest 5,3
action,3
children,3
2 nintendo,3
set nintendo,3
コナミ,3
silver nintendo,3
japan ver,3
clear black,3
crimson red,3
baby,3
batería,3
king,3
game handheld,3
solid,3
new belt,3
edition joy,3
1st,3
anime,3
carddass,3
1986,3
ファミコンソフト,3
é,3
gameverifying,3
film,3
land,3
system console,3
ram,3
ram adapter,3
disc,3
hudson,3
famicom fc,3
r b,3
rob,3
block,3
robot block,3
robot gyro,3
gyro set,3
bls,3
block set,3
recorder,3
set hvc,3
8 bit,3
compact,3
classiq,3
retro freak,3
boss,3
controller super,3
raspberry,3
pi,3
cart,3
snes nes,3
genesis,3
console tv,3
mega,3
famicom family,3
famiclone,3
released,3
controller 1,3
2 metal,3
stupell,3
industries,3
stupell industries,3
industries vintage,3
game nintendo,3
japan sfc,3
ver tested,3
snes classic,3
set 2,3
controller nes,3
neo,3
famicom games,3
korean,3
super pad,3
ps1 playstation,3
gray console,3
5500,3
scph 5500,3
nintendo fc,3
001hkg,3
hong,3
console 2,3
japan jp,3
zara,3
zara super,3
belt bag,3
stars,3
console psu,3
receiver,3
unopened,3
games japan,3
controller pad,3
mario world,3
moon,3
capcom,3
2 super,3
sports,3
twin,3
control pad,3
con cable,3
blanco mercadolibre,3
operation,3
flyer,3
early,3
sp ags,3
color japan,3
aniversario,3
black game,3
advance glacier,3
giants,3
advance milky,3
advance game,3
gba console,3
sign,3
aluminum,3
pure,3
pure white,3
3ds console,3
j tested,3
american,3
main,3
1989,3
first generation,3
color cgb,3
day,3
nintendo oxy,3
gbc console,3
atomic,3
tu,3
sound,3
pikachu edition,3
pocket gbp,3
strategy,3
justdial,3
famicom 20th,3
console oxy,3
famicom edition,3
flickr,3
nes color,3
gameboy game,3
grátis,3
kyoto,3
museum kyoto,3
outlets,3
color red,3
gamepad joystick,3
bluetooth gamepad,3
switch pc,3
tablet,3
pc ps3,3
ios,3
adjustable,3
android ios,3
steel,3
elite,3
cute,3
wireless gaming,3
gamesir,3
switch mario,3
2 joy,3
switch left,3
r wireless,3
r neon,3
switch v2,3
kart 8,3
8 deluxe,3
sakura,3
pink joy,3
custom nintendo,3
switch joycons,3
screen protector,3
desertcart,3
dockable,3
r switch,3
screen tv,3
lite turquoise,3
console turquoise,3
carrying,3
carrying case,3
gauge,3
switches,3
switch video,3
arrow,3
5000,3
best buy,3
shutterstock,3
royalty,3
left joy,3
fortnite,3
switch oem,3
oled white,3
genuine authentic,3
oled bundle,3
3 edition,3
special edition,3
64 gb,3
extremerate,3
switch minecraft,3
wall mount,3
닌텐도 스위치,3
port,3
originales,3
steam,3
force,3
rare nintendo,3
limited super,3
confirmed,3
lot 50,3
ps1 controller,3
hori analog,3
revolution,3
dance revolution,3
hst 3220,3
saturn hst,3
console hst,3
oem sega,3
0101,3
hss 0101,3
360 white,3
360 console,3
cech,3
black controller,3
controller wii,3
nintendo limited,3
battle pad,3
original oem,3
2 turbo,3
controller xbox,3
usb wired,3
horipad,3
horipad 3,3
controller pc,3
acessórios,3
e acessórios,3
acessórios de,3
peças e,3
controle joystick,3
para pc,3
computador,3
fio para,3
hori pad,3
controller usb,3
rocker,3
コントローラー,3
play station,3
com fio,3
sanwa,3
ps5,3
enjoy plus,3
plus pack,3
silver platinum,3
console dol,3
gamecube platinum,3
clear skeleton,3
shock analog,3
ps one,3
110,3
scph 110,3
ps1 dual,3
1 scph,3
controller pro,3
xbox tested,3
tested work,3
controller type,3
consola xbox,3
guitar,3
controller konami,3
carbon,3
mania,3
controller indigo,3
controller purple,3
purple clear,3
64 console,3
nus,3
tales,3
symphonia,3
saint,2
laurent,2
saint laurent,2
ホワイト,2
plays,2
goddess,2
destiny,2
dsi saga,2
saga 2,2
goddess destiny,2
en wallapop,2
29,2
sd gundam,2
ff3,2
lite azul,2
lápiz,2
mundopokeds,2
slot,2
mundopokeds nintendo,2
usb stylus,2
tapa slot,2
región,2
ニンテンドーdsi,2
la consola,2
dsi con,2
refurbished,2
love,2
authentic nintendo,2
dsi launch,2
got,2
hearts,2
kingdom hearts,2
hearts edition,2
rvl,2
001 silver,2
original silver,2
ds handheld,2
handheld video,2
nintendo 2ds,2
bros 25th,2
dsi super,2
mario 25th,2
seal,2
sticker nintendo,2
shiny,2
rockman,2
diamond,2
etc,2
ds games,2
new super,2
game card,2
training,2
candy,2
candy pink,2
pink tested,2
various color,2
black white,2
hkt,2
hkt 3000,2
impressora,2
epson,2
0aa0,2
description,2
read description,2
ug,2
console lot,2
5 untested,2
untested parts,2
repair japan,2
help,2
walter,2
printer,2
track tape,2
rca,2
transistor,2
knee,2
abb,2
junk nintendo,2
venta,2
buen estado,2
dsi ndsi,2
operativos audio,2
edición,2
audio funcionando,2
muy,2
manuales,2
japonés,2
excelente,2
excelente estado,2
40,2
muy buen,2
system silver,2
lite navy,2
navy blue,2
console region,2
cobalt,2
lite enamel,2
navy handheld,2
toilet,2
bin,2
toilet tank,2
small,2
mercedes,2
laundry,2
warranty,2
pg 1,2
1 home,2
sq,2
sq ft,2
waterproof,2
patio,2
surface,2
asus,2
14,2
memoria,2
juegos rosa,2
ds rosa,2
ni,2
nueva,2
standard color,2
ipad,2
cotton,2
shower,2
included,2
drying,2
dish,2
dish drying,2
jewelry,2
men,2
coin,2
handbag,2
head,2
leather wallet,2
packaging,2
gifts,2
made china,2
wedding,2
birthday,2
zipper,2
lenovo,2
sheet,2
select,2
porcelain,2
floor,2
x 24,2
12 x,2
subway,2
tiles,2
take,2
air,2
food,2
apple,2
jpn,2
signed,2
प,2
ford,2
cup,2
nissan,2
spring,2
nwt,2
cosmetic,2
crystal edition,2
iii crystal,2
brain,2
master,2
未使用品一覧,2
2025年最新 yahoo,2
新品 未使用品一覧,2
adults,2
brain age,2
advanced,2
美品,2
2000,2
nintendo 닌텐도,2
devil,2
chip,2
quest ix,2
starry,2
review,2
next,2
ds ntsc,2
plateado,2
dsi blue,2
manual japanese,2
ds nintendo,2
3ds animal,2
designer,2
crossing happy,2
happy home,2
home designer,2
ニンテンド,2
ds ニンテンド,2
ニンテンド ds,2
cases,2
touch de,2
de dokodon,2
daibouken,2
palette,2
mattel,2
barbie,2
sofa,2
bathroom,2
file,2
room,2
cutting,2
keycap,2
weir,2
pool,2
skimmer,2
rack,2
pool skimmer,2
new 3ds,2
shades,2
blue tested,2
light blue,2
ds turquoise,2
boys,2
thermal,2
serving tray,2
60,2
allen,2
bradley,2
repair parts,2
replacement housing,2
natural,2
mouse,2
shopee brasil,2
original handheld,2
lite color,2
booklet,2
console metallic,2
portable gaming,2
gaming console,2
stereo,2
amplifier,2
corona,2
smith corona,2
container,2
mark,2
original mercadolibre,2
complete box,2
nuevo,2
completa,2
relay,2
wikipedia,2
enciclopedia,2
wikipedia la,2
oficial,2
console game,2
dsi game,2
quest monsters,2
chapters,2
chosen,2
chapters chosen,2
joker nintendo,2
iv chapters,2
chosen nintendo,2
iv nintendo,2
6 7,2
ds video,2
factory sealed,2
dqm,2
dq square,2
dragonquest,2
r dragonquest,2
odyssey,2
2010,2
ds 2007,2
fast,2
vente,2
v hand,2
bride nintendo,2
ds 2009,2
yu,2
比價比個夠biggo,2
completo,2
enjoei,2
nintendo usado,2
japonês,2
videogame,2
macro,2
lite blue,2
ブラック,2
monitor,2
velvet,2
stock video,2
storage case,2
red black,2
lite red,2
black nintendo,2
pak,2
model ntr,2
maker,2
sky,2
bundle super,2
av mod,2
computer disk,2
editorial,2
image,2
ball,2
dragon ball,2
akira,2
vol,2
manga,2
card game,2
tcg,2
trading,2
sport,2
complete set,2
箱,2
オフモ,2
botão,2
tampa,2
r gameverifying,2
1988,2
vhs tape,2
1994,2
auctions,2
deals,2
lowest,2
games auctions,2
best deals,2
deals lowest,2
lowest price,2
1985,2
022,2
hvc 022,2
023,2
hvc 023,2
system ram,2
nes family,2
buddy,2
hvc bls,2
robotic,2
operating,2
robot r,2
b robotic,2
robotic operating,2
operating buddy,2
gys,2
hvc gys,2
keychain,2
gyro hvc,2
stack,2
nin,2
pictures,2
combo,2
nes snes,2
retro combo,2
fc sfc,2
fami,2
plug play,2
4g wireless,2
cyber,2
retro plug,2
16bit,2
tv game,2
games com,2
raspberry pi,2
mega drive,2
famicom mini,2
nes famicom,2
remote controller,2
allan,2
swart,2
allan swart,2
pixels,2
swart pixels,2
famicom set,2
max,2
nes max,2
max controller,2
027,2
nes 027,2
round,2
wars,2
geo,2
neo geo,2
80,2
famicom video,2
ultra,2
horror,2
disco,2
fc30,2
1 controller,2
más,2
mini famicom,2
pop,2
superpad,2
interact,2
1 console,2
9001,2
scph 9001,2
7501,2
console scph,2
scph 7501,2
console ps1,2
famicom lot,2
zero,2
pre,2
owned,2
hvc 001hkg,2
001hkg nintendo,2
hong kong,2
fc rare,2
rare hong,2
1chip,2
set tested,2
x2,2
controller x2,2
x2 snes,2
working jp,2
performance,2
derby,2
stallion,2
derby stallion,2
year,2
r snes,2
ovp,2
hvc 002,2
yellowed,2
nintendo fully,2
nintendo sega,2
sega japan,2
ride,2
namco,2
electric ride,2
12v,2
ride car,2
play computer,2
wheels,2
88,2
88 fc,2
famicom compatible,2
box console,2
vs,2
boxed set,2
set play,2
controller blue,2
sailor,2
sailor moon,2
famicom software,2
final fight,2
fight 2,2
famicom final,2
beat,2
2 capcom,2
fist,2
famicom game,2
fighter ii,2
bomberman,2
2 3,2
1993,2
スーパーファミコン,2
retro video,2
videojuego,2
juego de,2
de juego,2
city,2
nintendo japanese,2
used japan,2
psu manual,2
manual flyer,2
pearl blue,2
sp silver,2
ags 101,2
sp platinum,2
sp gba,2
nintendo gbc,2
japan gb,2
ゲームボーイミクロ,2
20 aniversario,2
micro black,2
micro negro,2
advance renewed,2
sistemas,2
box japan,2
console agb,2
clear glacier,2
used tested,2
advance handheld,2
luigi,2
display stand,2
ring,2
handmade,2
com books,2
antique,2
mood,2
2018,2
gameboy logo,2
6 x,2
ice white,2
3ds ice,2
hunter 3,2
3ds white,2
speed,2
3ds pure,2
slide,2
35mm,2
battery charger,2
화이트,2
팝니다,2
boy dmg,2
gameboy original,2
restored,2
advance black,2
ips backlight,2
rg34xx,2
lcd mod,2
rechargeable,2
fighters,2
kof,2
color teal,2
teal blue,2
party,2
1080p,2
niños,2
cassette tape,2
beyblade,2
tomy,2
cat,2
2003,2
color handheld,2
retrofit,2
atomic purple,2
purple console,2
placa,2
micro gbm,2
advance white,2
न,2
wallpaper,2
ltd,2
buckle,2
belt buckle,2
controller belt,2
collectible,2
classic nintendo,2
controller metal,2
gamepad classic,2
arcade gamepad,2
nintendo original,2
original nes,2
metal belt,2
classic wireless,2
nintendo brand,2
notebook,2
new arcade,2
joyería,2
ink,2
special pikachu,2
pikachu yellow,2
pokemon yellow,2
1998,2
yellow pikachu,2
pikachu version,2
yellow version,2
red green,2
japanese pokemon,2
strategy guide,2
caboodles,2
make,2
lavender,2
ゲームボーイアドバンス,2
framed,2
wholesaler,2
ray,2
near,2
album,2
sp blue,2
fighter 2,2
fighter iv,2
mario 20th,2
gpm280,2
compute,2
wifi,2
pocket gray,2
pocket dmg,2
pocket mgb,2
pocket grey,2
edition famicom,2
micro nes,2
console 20th,2
color nes,2
20th soft,2
console famicom,2
micro silver,2
japan w,2
silver oxy,2
stl,2
wheel,2
jogo,2
single,2
berry red,2
color berry,2
cartoon,2
españa,2
legend,2
legend zelda,2
controller wireless,2
wireless bluetooth,2
oled switch,2
lite oled,2
tv box,2
pc tv,2
function,2
bt,2
lag,2
gaminja,2
mobile game,2
finger,2
clip,2
airpods,2
controller series,2
oled joy,2
soft silicone,2
protective cover,2
controllers left,2
left joycon,2
015,2
nintendo hac,2
hac 015,2
con left,2
con straps,2
nintendo site,2
con pair,2
armor,2
guards,2
con armor,2
dvd player,2
4k,2
2 pack,2
titan,2
id,2
wrap,2
princess,2
r pastel,2
pink joycons,2
य,2
case compatible,2
desertcart india,2
tokyo,2
3 nintendo,2
有機elモデル,2
switch 有機elモデル,2
007,2
hac 007,2
console screen,2
station charging,2
station hac,2
32gb video,2
hdh,2
hdh 001,2
carry,2
storage bag,2
hard shell,2
peco,2
pl,2
pl 13,2
accessory switch,2
turnout,2
peco pl,2
turnout motor,2
lectrics,2
fitting,2
ho,2
fitting turnout,2
model railway,2
pl 15,2
peco lectrics,2
pl13,2
peco pl13,2
switch fitting,2
oo,2
15 twin,2
pl 10,2
pl10,2
point,2
motor switch,2
h0,2
og,2
switch pl10,2
n gauge,2
controls,2
switch games,2
2017,2
nintendo mario,2
media,2
switch japan,2
plarail,2
red arrow,2
seibu,2
おもちゃ,2
kato,2
古いプラレール,2
車両,2
keisei,2
skyliner,2
limited express,2
ジャンク,2
前スイッチ,2
co uk,2
reviews joy,2
switch unboxing,2
delhi,2
switch youtube,2
tech,2
switch bundle,2
switch red,2
ネオンブルー,2
rider,2
kamen,2
kamen rider,2
genuine joy,2
nintendo heg,2
oled heg,2
switch splatoon,2
console splatoon,2
model splatoon,2
switch replacement,2
switch 64,2
gb oled,2
edition box,2
wrist strap,2
oled splatoon,2
empty,2
minecraft nintendo,2
play nintendo,2
bible,2
new play,2
minecraft strategy,2
strategy bible,2
decor,2
replacement case,2
2021,2
thumb stick,2
thumb grips,2
anti slip,2
cap,2
football,2
american football,2
cooling,2
gray joy,2
con wireless,2
스위치 oled,2
닌텐도 중고거래,2
닌텐도스위치,2
oz,2
59,2
entrega,2
fine,2
racing,2
like,2
setup,2
neon orange,2
actuator,2
nyko,2
8 10,2
bike,2
operation confirmed,2
controller big,2
museum limited,2
museum cushion,2
cushion super,2
museum super,2
controller shvc,2
diy,2
lot 20,2
famicon,2
controllers lot,2
sfc console,2
controller clear,2
pad controller,2
slph,2
dance dance,2
athletico,2
rolling,2
wheeled,2
rolling baseball,2
baseball bag,2
bag wheeled,2
dedicated,2
frete,2
frete grátis,2
saturn white,2
white hst,2
ss controller,2
3220 japan,2
3d multi,2
dreamcast controller,2
dc,2
dreamcast console,2
bit sega,2
controllers sega,2
white wireless,2
hdd,2
120gb,2
genuine microsoft,2
god,2
war,2
god war,2
cechl00,2
controller hss,2
gamecube controllers,2
hard drive,2
genuine original,2
ps2 controller,2
360 slim,2
windows 7,2
360 pc,2
2 controles,2
control de,2
logitech,2
gamecollecting,2
r gamecollecting,2
regular,2
profile,2
cords,2
360 black,2
rapid,2
rapid fire,2
t4,2
gamesir t4,2
t4 pro,2
gamer,2
pc android,2
são,2
pro wireless,2
abstract,2
abstract background,2
illustration,2
controller hac,2
switch wireless,2
black online,2
013,2
hac 013,2
ps4 ps3,2
3 turbo,2
hori horipad,2
controller ps3,2
controller red,2
game pad,2
clear red,2
컨트롤러,2
패드,2
유선,2
조이스틱,2
무선,2
게임 패드,2
조이스틱 패드,2
패드 쿠팡,2
게임 컨트롤러,2
주변기기,2
주변기기 쿠팡,2
자이로,2
los controladores,2
preto mercadolivre,2
controle para,2
8bitdo arcade,2
real arcade,2
arcade pro,2
stick ex,2
royds,2
royds stick,2
hori real,2
leverless,2
arcade game,2
hitbox arcade,2
arcade fight,2
br games,2
games e,2
e consoles,2
64 controller,2
silver dol,2
platinum console,2
analog oem,2
ps1 slim,2
2 gold,2
gundam hyakushiki,2
gu mobile,2
metallic gold,2
transmitter,2
engine,2
pump,2
oem sony,2
dualshock analog,2
shock controller,2
playstation one,2
alarm,2
clock,2
alarm clock,2
owner,2
hps,2
controller hori,2
x08,2
xbox console,2
xbox microsoft,2
green logo,2
gen,2
xbox first,2
generation controller,2
clásico,2
clasico,2
xbox clásico,2
freaks,2
ギターフリークス,2
guitar freaks,2
konami guitar,2
ru018,2
guitar controller,2
fight pad,2
wired fight,2
yellow purple,2
limited wario,2
controller wario,2
wario gamecube,2
carbon black,2
500gb,2
usb c,2
c cable,2
classic white,2
beatmania,2
dj,2
dj station,2
station pro,2
konami beatmania,2
beatmania dj,2
beatmania controller,2
iidx,2
ps dj,2
pro playstation,2
dj controller,2
beatmania iidx,2
controler,2
premium,2
hori fighting,2
07,2
fs,2
stick ps,2
pedal,2
controller violet,2
wii controller,2
nus 001,2
n64 video,2
emerald,2
emerald blue,2
n64 console,2
control gamecube,2
gamecube original,2
tales symphonia,2
gamecube tales,2
symphonic,2
symphonic green,2
gamecube wavebird,2
controller oem,2
clutch bag,1
red leather,1
patent,1
cartier,1
black w,1
w touch,1
pen japan,1
ds plata,1
comprar,1
g generation,1
gundam g,1
lite pokemon,1
lite negra,1
japonesa,1
stylus tapa,1
slot 2,1
2 todos,1
1 juego,1
lite mercadolibre,1
vendida,1
normal,1
transferencia,1
pago,1
multidioma,1
lee,1
cualquier,1
idioma,1
requiere,1
vendida nintendo,1
precio normal,1
precio por,1
por transferencia,1
consola japonesa,1
japonesa menú,1
menú multidioma,1
multidioma lee,1
lee juegos,1
de cualquier,1
ピンク,1
vendido,1
original red,1
red charger,1
ds red,1
game cartridge,1
see,1
red stylus,1
w mario,1
kart ds,1
console coral,1
game authentic,1
authentic cartridge,1
cartridge working,1
majo,1
hot pink,1
dsi original,1
pink japanese,1
dsi hot,1
256mb,1
256mb pink,1
japanese game,1
saga 20th,1
japan console,1
resilam,1
zechrome,1
dsi resilam,1
resilam zechrome,1
zechrome edition,1
destiny saga,1
anniversary console,1
utl,1
utl 001,1
white charger,1
wii console,1
rvl 001,1
wup,1
chromebook,1
hp base,1
base cover,1
2ds xl,1
mori,1
cross,1
xx,1
vanillite,1
vanillite pokemon,1
litwick,1
game nds,1
nds japan,1
ds lot,1
wholesale lot,1
lot 24,1
24 nintendo,1
japan untested,1
emblem,1
diamond pearl,1
lot game,1
games set,1
3ds japanese,1
jp ds,1
3ds game,1
original phat,1
white ntr,1
ver ntsc,1
menu,1
language,1
japan menu,1
menu plays,1
plays usa,1
usa game,1
japanese language,1
pokemon white,1
pokemon black,1
edition pokemon,1
white version,1
kyurem,1
dsi pokemon,1
pokemon reshiram,1
white edition,1
dsi reshiram,1
version nintendo,1
black kyurem,1
white set,1
white game,1
pokémon white,1
western,1
cinematographers,1
association,1
western india,1
india cinematographers,1
cinematographers association,1
blossom,1
blossom pink,1
sealing,1
vacuum sealing,1
lite giratina,1
giratina edition,1
tested japanese,1
rose gold,1
16gb,1
lites,1
repairs,1
parts repairs,1
carbide,1
walkman,1
cassette player,1
gel,1
unisef,1
unisef walkman,1
walkman cassette,1
cutter,1
transistor radio,1
boots,1
serenelife,1
piezas,1
laserjet,1
hp laserjet,1
6es7,1
dp,1
uñas,1
de uñas,1
msh,1
13 pro,1
jtag,1
cdp312r,1
acs800,1
control panel,1
schneider,1
schneider electric,1
lauterbach,1
7708,1
la 7708,1
plc,1
john,1
denver,1
records,1
john denver,1
tape cartridge,1
porta,1
docomo,1
ガラケー,1
softbank,1
携帯電話,1
リモコン,1
foma,1
501kc,1
digno,1
plz,1
condi,1
plz read,1
read item,1
item condi,1
condi nintendo,1
rosa nintendo,1
rosa consola,1
consola portátil,1
probado,1
compra,1
pink game,1
matte black,1
black tested,1
dsi matte,1
housing cover,1
blanca,1
lite blanca,1
blanca de,1
especial,1
edición especial,1
blanca consola,1
en japonés,1
blanca menú,1
lite edición,1
ds launch,1
lite black,1
onyx,1
onyx black,1
whirlpool,1
dryer,1
door handle,1
whole,1
foods,1
market,1
sunglasses,1
owners,1
owners manual,1
white pg,1
refrigerator door,1
door shelf,1
drain,1
cisco,1
brush,1
lcd screen,1
90,1
days,1
90 days,1
days warranty,1
lcd display,1
lcd panel,1
screen display,1
display panel,1
panel 90,1
display screen,1
screen panel,1
inch lcd,1
panel screen,1
bath,1
nails,1
covers,1
touchpad,1
inspiron,1
surface pro,1
replacement laptop,1
com replacement,1
laptop touch,1
touch pad,1
pad asus,1
black electronics,1
dell inspiron,1
inspiron 15,1
una,1
incluye cargador,1
portátil nintendo,1
intenso,1
rosa intenso,1
rosa en,1
cargador lápiz,1
32gb con,1
con juegos,1
lens,1
tail,1
bar,1
light bar,1
tail light,1
stencil,1
blush,1
knife,1
ta,1
clipboard,1
khaite,1
coffee,1
oliver,1
fabrics,1
moda,1
heating,1
pedestal,1
dry,1
xl 25th,1
xl super,1
edition red,1
anniversary super,1
anniversary red,1
edition mario,1
抖音,1
checks,1
aqua,1
mats,1
drying mat,1
clothing shoes,1
shoes jewelry,1
uae,1
buy online,1
wallets,1
coin purse,1
foam,1
online best,1
best price,1
boruto,1
trays,1
hermès,1
spoilers,1
oil,1
diffuser,1
oil diffuser,1
dacasso,1
pads,1
desk pads,1
layer,1
cowhide,1
wallets men,1
genuine leather,1
wallet card,1
card bag,1
bag head,1
head layer,1
layer cowhide,1
paper bags,1
shopping,1
paper bag,1
gift bags,1
gift bag,1
kraft,1
kraft paper,1
christmas,1
handles,1
shopping bags,1
price made,1
china com,1
mockup,1
black edge,1
ribbon,1
jewellery,1
sleeve,1
pcs,1
revestimiento,1
joseph,1
mallord,1
william,1
turner,1
tate,1
joseph mallord,1
mallord william,1
william turner,1
ivory,1
15 6,1
tempered,1
redmi,1
tempered glass,1
edge edge,1
panelook,1
panelook com,1
sample,1
ivy,1
hill,1
ivy hill,1
hill tile,1
ft case,1
floor wall,1
case pg,1
4 x,1
tile sample,1
light gray,1
porcelain floor,1
polished,1
reviews ivy,1
light grey,1
glossy,1
rectangular,1
take home,1
5 8,1
ceramic wall,1
daltile,1
9 5,1
conditioner,1
drip,1
air conditioner,1
glossy ceramic,1
remington,1
tile remington,1
remington light,1
x 5,1
polished porcelain,1
porcelain wall,1
slate,1
rigid,1
click,1
lock,1
plank,1
flooring,1
whiteboard,1
в,1
door glass,1
на,1
console random,1
envelopes,1
स ट,1
check,1
96965,1
flexible,1
mono,1
bank,1
money,1
tool,1
deposit,1
pencil bag,1
tool bag,1
wristlet,1
inches,1
canvas zipper,1
zipper pouch,1
bill,1
money bags,1
receipt,1
heater,1
water heater,1
instantaneous,1
instantaneous water,1
detector,1
socket,1
fantasy crystal,1
chronicles,1
crystal chronicles,1
echoes,1
echoes time,1
white w,1
アルクの10分間英語マスター,1
japanese nintendo,1
中級,1
punkan,1
eigo,1
10 punkan,1
punkan eigo,1
eigo master,1
alc,1
初級,1
ds アルクの10分間英語マスター,1
アルクの10分間英語マスター 中級,1
ds training,1
alc 10,1
アルクの10分間英語マスター 初級,1
オークション ds,1
shiki,1
kanji,1
ark,1
中級 メルカリ,1
training adults,1
kanshuu,1
maru,1
wo,1
ark 10,1
import video,1
キクタン,1
改訂版,1
6000,1
advanced 6000,1
basic,1
聞いて覚えるコーパス英単語,1
ラクマ,1
4000,1
キクタン advanced,1
４０００,1
basic 4000,1
キクタン basic,1
ｂａｓｉｃ,1
キクタン ｂａｓｉｃ,1
ｂａｓｉｃ ４０００,1
リーディング,1
cd付,1
パス英単語,1
entry,1
キクタン entry,1
英検,1
美品 キクタン,1
アルク,1
聞いて覚えるコ,1
改訂版 キクタン,1
entry 2000,1
キクタン リーディング,1
英単語,1
高校,1
大学,1
受験,1
英語,1
入試,1
高校 大学,1
大学 受験,1
英語の超人になる,1
アルク学参シリーズ,1
英語の超人になる アルク学参シリーズ,1
改訂版の通販,1
４０００ 聞いて覚えるコ,1
聞いて覚えるコ パス英単語,1
パス英単語 改訂版の通販,1
４０００ 聞いて覚えるコーパス英単語,1
聞いて覚えるコーパス英単語 メルカリ,1
大学受験,1
大学入試,1
暗記,1
英単語 高校,1
受験 大学受験,1
大学受験 大学入試,1
大学入試 英語,1
英語 英検,1
英検 入試,1
layton,1
professor,1
professor layton,1
diabolical,1
layton diabolical,1
diabolical box,1
layton devil,1
layton nintendo,1
ds professor,1
devil box,1
レイトン教授と悪魔の箱,1
kyouju,1
layton kyouju,1
sentinels,1
skies,1
ix sentinels,1
sentinels starry,1
starry skies,1
skies nintendo,1
skies ds,1
ドラゴンクエストix,1
com dragon,1
warioware,1
touched,1
trainer,1
warioware touched,1
kabutore,1
trainer kabutore,1
kabushiki,1
baibai,1
kabushiki baibai,1
baibai trainer,1
touched nintendo,1
ware,1
wario ware,1
made wario,1
sawaru,1
kabutore nintendo,1
sawaru made,1
tank nintendo,1
2005,1
ds 2005,1
yawaraka,1
atama,1
juku,1
yawaraka atama,1
fantasy iv,1
ds final,1
iii iv,1
j consolas,1
ds standard,1
de video,1
emulador,1
este,1
lite noble,1
matte blue,1
bros nintendo,1
ds 2006,1
クリスタルホワイト,1
lite クリスタルホワイト,1
boxes,1
game cases,1
jibanyan,1
watch jibanyan,1
crossing console,1
crossing edition,1
console animal,1
console yokai,1
yokai watch,1
drum,1
drum master,1
tatsujin drum,1
taiko drum,1
shima,1
shima daibouken,1
ドロロン,1
ds taiko,1
dororon,1
daikessen,1
太鼓の達人ds,1
meccha,1
meccha taiko,1
fun,1
drum n,1
n fun,1
tambor,1
ヨーカイ大決戦,1
ドロロン ヨーカイ大決戦,1
ds dororon,1
tsu,1
medium,1
tank lid,1
planter,1
letter,1
file organizer,1
bench,1
bathtub,1
furniture,1
couch,1
shelf shower,1
storage organizer,1
beach,1
lawn,1
patio lawn,1
drawer,1
garden,1
lawn garden,1
easy,1
soporte,1
bottom,1
flap,1
console blue,1
닌텐도 dsi,1
핑크,1
dsi 핑크,1
닌텐도 ds,1
일판,1
닌텐도dsi,1
케이스,1
일본판,1
일본판 일판,1
일판 브랜드,1
headphones,1
lightweight,1
labels,1
school,1
instruments,1
boys girls,1
acrylic,1
cutting board,1
pan,1
strips,1
binding,1
orig,1
orig photo,1
cherry,1
blossoms,1
cherry blossoms,1
blossoms pink,1
casio,1
system charger,1
full repair,1
lite soft,1
soft cherry,1
stylus consoles,1
lite replacement,1
parts replacement,1
color white,1
電子辞書,1
natural white,1
estojo,1
mickey,1
escolar,1
minnie,1
antigo,1
lembrancinha,1
estojo com,1
anos,1
promoção,1
estojo escolar,1
em promoção,1
elo7,1
estojo de,1
mickey mouse,1
promoção na,1
na shopee,1
silver original,1
31,1
rosa metallic,1
rose en,1
caja 31,1
31 rosa,1
reacondicionado,1
nintendo dslite,1
metálico,1
メタリックロゼ,1
rosa con,1
pictochat,1
instruction,1
instruction booklet,1
pictochat nintendo,1
ds instruction,1
ds manual,1
ピクトチャット,1
lite 本体,1
rose handheld,1
balanced,1
vk,1
balanced audio,1
technology,1
audio technology,1
bat,1
technology vk,1
blue ntr,1
pelouze,1
postal,1
ps20dl,1
digital postal,1
postal scale,1
tupperware,1
stow,1
stow n,1
n go,1
laminator,1
genuine oem,1
dash,1
04,1
philips,1
typewriter,1
electric typewriter,1
5a,1
corona mark,1
model 5a,1
vintage smith,1
carrier,1
dictionary,1
ds candy,1
original pink,1
pink video,1
phat ntr,1
nintend,1
nintend ds,1
dustproof,1
console replacement,1
dustproof protective,1
case nds,1
9in,1
delta,1
airlines,1
traymat,1
atlas,1
200,1
delta airlines,1
airlines traymat,1
traymat atlas,1
atlas 1,1
1 4,1
color fully,1
lite plata,1
plateado mercadolibre,1
nds 3ds,1
2ds original,1
con cargador,1
plata con,1
box japanese,1
boutique,1
style boutique,1
pink complete,1
detalle,1
liberada,1
electrical,1
brown,1
dark brown,1
ダークブラウン,1
caneta,1
ds xl,1
xl dark,1
brown console,1
dsi dark,1
美品 nintendo,1
箱付き,1
น,1
dsi negro,1
color negro,1
azul con,1
japonés gba,1
negro con,1
con azul,1
eliminador,1
la enciclopedia,1
enciclopedia libre,1
onix,1
lite onix,1
onix black,1
black negro,1
renewed com,1
lite jet,1
lite negro,1
negro negro,1
página,1
web,1
ibérica,1
japanese edition,1
edition ff3,1
vi ix,1
games dragon,1
piece set,1
hits,1
ultimate hits,1
heroes,1
etrian,1
etrian odyssey,1
ds 2010,1
mana,1
slug,1
metal slug,1
slug 7,1
lagaard,1
heroes lagaard,1
new factory,1
complete cib,1
shadow,1
odyssey ii,1
ii heroes,1
lagaard nintendo,1
joker 2,1
dqm dragon,1
joker 1,1
2011,1
ds 2011,1
manual game,1
en vente,1
michibikareshi,1
monotachi,1
iv michibikareshi,1
michibikareshi monotachi,1
version online,1
ds en,1
v 5,1
5 hand,1
tenkuu,1
hanayome,1
tenkuu hanayome,1
japan dq,1
nightmare,1
troubadour,1
nightmare troubadour,1
gi,1
oh,1
yu gi,1
gi oh,1
oh nightmare,1
ナイトメアトラバドール,1
遊戯王,1
troubadour nintendo,1
yugioh,1
デュエルモンスターズ,1
遊戯王 ナイトメアトラバドール,1
com yu,1
遊戯王ナイトメアトラバドール,1
遊,1
戯,1
遊 戯,1
troubadour konami,1
konami best,1
console titanium,1
titanium tested,1
ニンテンドー3ds,1
des,1
turquesa,1
cor azul,1
azul turquesa,1
lite original,1
boy macro,1
macro type,1
type c,1
c charging,1
2ds clear,1
ニンテンドー2ds,1
2ds black,1
クリアブラック,1
2ds handheld,1
2ds crimson,1
console used,1
touch screen,1
bezel,1
industrial,1
h,1
17,1
bayjebu,1
elitebook,1
x360,1
1040,1
upholstery,1
card holder,1
pill,1
storage box,1
warmer,1
mask storage,1
snap,1
001 red,1
red handheld,1
love berry,1
berry ds,1
fashion,1
001 crimson,1
console polar,1
8650,1
skimmer weir,1
8650 4,1
swimming,1
865,1
swimming pool,1
865 0,1
0 8,1
chest,1
vanity,1
bread,1
metallic silver,1
gloss,1
lite gloss,1
gloss silver,1
gross,1
gross silver,1
long,1
kart pak,1
titanium console,1
production,1
end,1
edition pokémon,1
pokémon center,1
xii,1
fantasy xii,1
revenant,1
wings,1
xii revenant,1
revenant wings,1
pirate,1
wings sky,1
blue black,1
cobalt blue,1
cargadores,1
en cargadores,1
cargadores de,1
canon,1
punch,1
ds bundle,1
mario 64,1
64 punch,1
punch king,1
metroid,1
prime,1
hunters,1
metroid prime,1
prime hunters,1
sky blue,1
teal nintendo,1
ds sky,1
4902370512946,1
body crystal,1
japan 4902370512946,1
adaptador,1
caja menú,1
original stylus,1
manuales caja,1
adaptador de,1
cargador de,1
corriente,1
cargador nintendo,1
cargador para,1
lite en,1
carga,1
multivoltaje,1
nintendo new,1
original manuales,1
de corriente,1
mineral,1
roll,1
wide,1
sewing,1
crafts,1
yard,1
chaise,1
lowes,1
lowes com,1
decorative,1
breaking,1
benjamin,1
breaking benjamin,1
dishes,1
counter,1
com mineral,1
mineral violet,1
roller,1
faille,1
satin,1
faille satin,1
polyester,1
french,1
lounge,1
indoor,1
armless,1
rom,1
emulator,1
august,1
2020,1
bangkok,1
thailand,1
game family,1
service,1
online service,1
apk,1
toriyama,1
akira toriyama,1
ball z,1
dragonball,1
ball vol,1
jump,1
shenron,1
z card,1
japanese anime,1
goku,1
nazo,1
ball shenron,1
shenron nazo,1
panini,1
1st edition,1
dbz,1
game bandai,1
bandai tcg,1
carddass japanese,1
manga akira,1
non,1
stickers,1
non sport,1
tcg dbz,1
dbz carddass,1
ball card,1
dragonball z,1
ball panini,1
printing,1
1st printing,1
edition 1st,1
changing,1
southern,1
islands,1
southern islands,1
island,1
rainbow,1
japanese southern,1
tropical,1
ポートピア連続殺人事件,1
ポートピア連続殺人事件 メルカリ,1
ファミコンソフト ポートピア連続殺人事件,1
ポートピア連続殺人事件 箱,1
エニックス,1
オークション ファミコン,1
ファミコン ポートピア連続殺人事件,1
ポートピア連続殺人事件 ファミコン,1
オークション ポートピア連続殺人事件,1
ポートピア連続殺人事件 ファミコンソフト,1
ファミコン メルカリ,1
ポートピア殺人事件の人気アイテム,1
linx,1
8900,1
linx 8900,1
máquina,1
interruptor,1
relé,1
arco,1
de arco,1
tinta,1
computadores,1
informática,1
de tinta,1
br computadores,1
computadores e,1
e informática,1
rfid,1
botão de,1
cij,1
refletor,1
máquina de,1
tampa de,1
1ª,1
caminhão,1
disjuntor,1
alta,1
ar,1
otomo,1
katsuhiro,1
katsuhiro otomo,1
akira vhs,1
akira dvd,1
database,1
indiana,1
jones,1
indiana jones,1
devil world,1
world nintendo,1
1984,1
world nes,1
clu,1
デビルワールド,1
buy devil,1
amada,1
dd,1
world r,1
world famicom,1
clu clu,1
clu land,1
climber,1
ice climber,1
けっきょく南極大冒険,1
adventure,1
antarctic,1
antarctic adventure,1
kekkyoku,1
nankyoku,1
kekkyoku nankyoku,1
けっきょく南極大冒険 ファミコン,1
nankyoku daibouken,1
ソフト,1
adventure famicom,1
rc804,1
ファミコン けっきょく南極大冒険,1
オークション けっきょく南極大冒険,1
ファミコン fc,1
けっきょく南極大冒険 ファミコンソフト,1
fds,1
022 hvc,1
adapter set,1
fds nes,1
system 1986,1
1986 red,1
disc system,1
022 console,1
joy card,1
hc,1
62,1
hudson soft,1
hc 62,1
62 4,1
controller hudson,1
controller hc,1
4 japan,1
famicom hudson,1
soft controller,1
joycard,1
hc62,1
hc62 4,1
fc nes,1
hudson joy,1
adapter hvc,1
nintendo disk,1
fcd,1
fc fcd,1
nes japan,1
computer system,1
famicom disc,1
lot set,1
amiibo,1
012 family,1
012 famicom,1
amiibo super,1
tape recorder,1
gyromite,1
set r,1
012 gyro,1
gys set,1
b famicom,1
fc nintendo,1
ロボット,1
ジャイロセット,1
ロボット ジャイロセット,1
screenshots,1
giant,1
bomb,1
screenshots images,1
images pictures,1
レトロコンボ,1
スーパーファミコン互換機,1
レトロコンボ green,1
fc combo,1
compatible console,1
bit compact,1
combo fc,1
fc compatible,1
green ファミコン,1
ファミコン スーパーファミコン互換機,1
116,1
sfc compatible,1
suruga,1
ya,1
famicom hard,1
game suruga,1
suruga ya,1
ya com,1
2 1,1
yobo,1
n8,1
dual system,1
n8 super,1
system retro,1
suitable,1
ファミコン互換機,1
columbus,1
circle,1
columbus circle,1
circle fc,1
vr2,1
互換機,1
レトロゲーム,1
gadget,1
cyber gadget,1
controller adapter,1
yoga,1
yoga mat,1
bad,1
dog,1
16bit controller,1
wood,1
history,1
steps,1
instructables,1
snes cart,1
cart tested,1
tested authentic,1
skool,1
old skool,1
skool classiq,1
console fc,1
duo,1
retro duo,1
unauthorizon,1
junk famicom,1
files,1
彡,1
new faceplate,1
faceplate famicom,1
keyring,1
r nes,1
acclaim,1
infrared,1
sansui,1
bottle,1
opener,1
bottle opener,1
snsp,1
001a,1
snsp 001a,1
console super,1
controller japan,1
pxg80,1
bacnet,1
router,1
siemens pxg80,1
pxg80 n,1
n bacnet,1
bacnet router,1
new famicom,1
hvc 101,1
negcon,1
max turbo,1
max pad,1
ニューファミコン,1
nff,1
hvc nff,1
professional baseball,1
spirits,1
ninja,1
hattori,1
忍者ハットリくん,1
ninja hattori,1
kun,1
hattori kun,1
kun ninja,1
wa,1
gozaru,1
ninja wa,1
de gozaru,1
オークション 忍者ハットリくん,1
maki,1
gozaru maki,1
旧ヤフオク,1
オークション 旧ヤフオク,1
kun famicom,1
sega mega,1
computer soft,1
soft set,1
snk,1
lionel,1
playing,1
プロスピa,1
プロ野球バーサス,1
プロ野球スピリッツa,1
shorts,1
2600,1
spectrum,1
atari 2600,1
commodore,1
famicom soft,1
auctions japan,1
summarize,1
korea,1
greek,1
korean vhs,1
ntsc korea,1
subs,1
greek subs,1
subs pal,1
rental,1
korea disco,1
tape greek,1
vhs ntsc,1
zs,1
trs,1
trs 80,1
tandy,1
ti,1
stadium,1
family stadium,1
4a,1
ti 99,1
99 4a,1
tienda,1
regalos,1
surprise,1
tienda de,1
de regalos,1
regalos surprise,1
rectangle,1
bevel,1
rectangle bevel,1
bevel glass,1
glass 1,1
1 1,1
consola super,1
sup,1
con control,1
usar,1
regalo,1
de los,1
pero,1
pulgadas,1
braun,1
hl,1
vintage braun,1
hl1,1
dieter,1
rams,1
dieter rams,1
hl 1,1
braun hl,1
ブラウン,1
braun hl1,1
reinhold,1
weiss,1
reinhold weiss,1
frankfurt,1
museum famicom,1
3dメガネ,1
smap,1
pop smap,1
3dメガネ メルカリ,1
smap live,1
unknown,1
sns,1
paddle,1
superpad interact,1
interact super,1
controller remote,1
remote paddle,1
paddle w,1
box works,1
sns 005,1
controller box,1
hyundai,1
comboy,1
nintendo hyundai,1
hyundai super,1
sony ps1,1
playstation console,1
home console,1
playstation scph,1
console sony,1
life,1
pre owned,1
game life,1
jinsei,1
life super,1
super jinsei,1
jinsei game,1
game snes,1
lot 4,1
makyou,1
test,1
makyou zero,1
owned super,1
fever,1
puyo,1
tengai,1
kong version,1
60 pin,1
vintage family,1
version untested,1
game set,1
strikers,1
mario strikers,1
pad performance,1
sufami,1
sufami turbo,1
96,1
stallion 96,1
gundam generation,1
tsukuru,1
rpg tsukuru,1
cleaning,1
tsukuru 2,1
sculpture,1
artling,1
sculpture artling,1
adidas,1
mario 5,1
picclick uk,1
switchless,1
neu,1
boite,1
rare neu,1
neu super,1
famicom system,1
3 games,1
console 1chip,1
yellowing,1
snes yellowing,1
original super,1
005 tested,1
cartridges,1
used nintendo,1
cola,1
coca,1
coca cola,1
flashback,1
blast,1
flashback blast,1
legends,1
legends flashback,1
built games,1
space,1
invaders,1
space invaders,1
12 games,1
computer next,1
atgames,1
20 built,1
burger,1
burger time,1
blast space,1
atari flashback,1
bluetooth remote,1
4g bluetooth,1
cars,1
powered,1
kids electric,1
children electric,1
fidget,1
tx10,1
electric car,1
power wheels,1
4g remote,1
ride cars,1
machine japan,1
japan cable,1
cable 2,1
fc home,1
家庭用ゲームソフト互換機,1
evercade,1
home 88,1
無料であげます,1
ジモティー,1
jp fc,1
console nes,1
evercade vs,1
trio,1
super retro,1
retro trio,1
box home,1
bit atari,1
extreme,1
extreme mini,1
play famicom,1
japan unopened,1
エフシーゲームボックス,1
mini game,1
link,1
link game,1
cnc,1
machined,1
shells cnc,1
game entertainment,1
system classic,1
daphne,1
polselli,1
controller 4,1
resell,1
lot 11,1
11 super,1
pad shvc,1
com super,1
moon r,1
pretty,1
guardian,1
pretty guardian,1
story,1
bishoujo,1
senshi,1
bishoujo senshi,1
guardian sailor,1
another,1
another story,1
angel,1
r super,1
famicom sailor,1
senshi sailor,1
moon super,1
moon another,1
moon snes,1
moon pretty,1
fight 1,1
capcom final,1
tough,1
fight tough,1
snes ntsc,1
beat em,1
au,1
picclick au,1
flying,1
lot 6,1
hakusho,1
yu yu,1
yu hakusho,1
set 4,1
game lot,1
nintendo japan,1
country,1
kong country,1
4 toys,1
soccer,1
snes game,1
software lot,1
picclick ca,1
sold,1
lot 8,1
sfc nintendo,1
quest 1,1
quest ii,1
famicom dragon,1
3 5,1
enix dragon,1
6 ii,1
sfc dragon,1
ii super,1
ii iii,1
iii v,1
ファイナルファイト2,1
2 snes,1
街頭快打2的價格推薦,1
sfc 街頭快打2的價格推薦,1
twin famicom,1
sharp twin,1
500b,1
500r,1
famicom 500b,1
500b console,1
famicom japanese,1
famicom twin,1
rojo para,1
8bitdo fc30,1
controladores rojo,1
los controles,1
jacket,1
helmet,1
grailed,1
arai,1
hoodie,1
yamamoto,1
face,1
full face,1
wool,1
ff5,1
1992,1
ff5 final,1
fantasy 5,1
5 card,1
card rare,1
rare square,1
square 1992,1
1992 japan,1
jp f,1
yohji,1
yohji yamamoto,1
japanese brand,1
size xl,1
face helmet,1
krile,1
de famicom,1
mando de,1
banpresto,1
banpresto famicom,1
worn,1
en 1,1
su,1
color blanco,1
blanco rojo,1
rojo mercadolibre,1
family game,1
original en,1
con su,1
nes ntsc,1
muro,1
alcoy,1
r famicom,1
verification,1
ファミコン本体,1
ファミリーコンピュータ,1
box hvc,1
001 unused,1
dilogy,1
two,1
nes nintendo,1
nintendo first,1
av model,1
famicom keychain,1
set working,1
box set,1
manual box,1
500 built,1
sp pearl,1
console pearl,1
gba w,1
silver game,1
pokemon silver,1
gold silver,1
silver version,1
pokémon silver,1
lugia,1
silver gameboy,1
gin,1
silver pocket,1
monster silver,1
silver box,1
amarillo,1
color amarillo,1
para game,1
cartucho,1
negro consolas,1
micro plata,1
estado con,1
japan gbm,1
manuals,1
gba gameboy,1
glacier handheld,1
jusco,1
advance gb,1
gb advance,1
console gba,1
jusco limited,1
advance giants,1
edition gba,1
mario luigi,1
advance jusco,1
limited mario,1
bros edition,1
001 region,1
color gba,1
glacier clear,1
ct,1
14k,1
925,1
cut,1
engagement,1
sterling,1
sterling silver,1
cut diamond,1
925 sterling,1
silver handmade,1
ring gift,1
rtings,1
rtings com,1
sage,1
lyrics,1
cement,1
plated,1
2 ct,1
round cut,1
women 14k,1
14k white,1
white gold,1
gold plated,1
solitaire,1
rings,1
finish,1
engagement rings,1
gold finish,1
ceramic tile,1
comparison,1
series 2018,1
side side,1
side tv,1
tv comparison,1
comparison rtings,1
msi,1
advance japan,1
aluminum sign,1
sign 6,1
japan version,1
gba indigo,1
gba nintendo,1
promotional,1
advance violet,1
001 gba,1
indigo pre,1
special pack,1
3ds monster,1
mushroom,1
super mushroom,1
terry,1
wonderland,1
terry wonderland,1
ctr,1
ctr 001,1
art 35mm,1
35mm slide,1
art slide,1
modern,1
35mm art,1
photography,1
photography 35mm,1
american art,1
modern art,1
modern american,1
35mm glass,1
sony psp,1
1000,1
psp 1000,1
psp 3000,1
1000 ceramic,1
psp 2000,1
dissidia,1
playstation portable,1
pearl white,1
white sony,1
portable psp,1
dissidia final,1
main unit,1
system w,1
charger region,1
region import,1
import w,1
console battery,1
anniversary limited,1
psp console,1
value,1
value pack,1
psp sony,1
ac adapter,1
닌텐도 3ds,1
3ds 화이트,1
닌텐도3ds,1
닌텐도 nintendo,1
무버,1
안심되는,1
중고나라 안심되는,1
3ds japan,1
2ds ds,1
3ds nintendo,1
spec,1
ships,1
quik,1
japanese spec,1
ships quik,1
r 3ds,1
branco,1
meu,1
3dspiracy,1
r 3dspiracy,1
mão,1
segunda mão,1
eu,1
erro,1
durante,1
em segunda,1
mão durante,1
eur em,1
na wallapop,1
desbloqueado,1
console de,1
de videogame,1
videogame nintendo,1
não,1
3ds branco,1
minha,1
nova,1
3ds r,1
01 console,1
boy original,1
nintendo dmg,1
original 1989,1
01 tested,1
backlight lcd,1
v2 ips,1
system black,1
console ips,1
anbernic,1
anbernic rg34xx,1
hipcamp,1
peanut,1
trending,1
1999,1
türkis,1
comics,1
marvel,1
marvel comics,1
color ovp,1
ovp console,1
console konsole,1
konsole eur,1
eur türkis,1
teal handheld,1
nm,1
mobigo,1
vtech,1
digital camera,1
learning,1
toddler,1
kids camera,1
3 4,1
mobigo 2,1
years,1
video camera,1
age 3,1
8 9,1
years old,1
vtech mobigo,1
topps,1
digimon,1
takara,1
booster,1
ws,1
wonderswan,1
white ntsc,1
243,1
3820,1
243 3820,1
sandvik,1
fingerprint,1
juguete,1
llavero,1
para niños,1
electrónicos,1
llavero de,1
micro blue,1
001 game,1
micro pearl,1
color clear,1
amoled,1
gbc amoled,1
amoled oled,1
clear transparent,1
nintendo cgb,1
oled clear,1
transparent retro,1
retro lcd,1
lcd xl,1
xl ips,1
ips mod,1
mod display,1
clear white,1
pocket clear,1
clear purple,1
pocket atomic,1
frontal,1
placa frontal,1
repuesto,1
de repuesto,1
micro edición,1
frontal de,1
repuesto para,1
superior,1
para gbm,1
white gameboy,1
arctic,1
arctic white,1
nintendo agb,1
advance arctic,1
001 gameboy,1
advance bundle,1
transfer,1
advance purple,1
console violet,1
violet japan,1
gba x,1
de pantalla,1
juegos gameboy,1
para gba,1
king fighters,1
v5,1
para gameboy,1
advance king,1
ips v5,1
carcasa de,1
pantalla ips,1
retroiluminación,1
hispeedido,1
brillo,1
kits,1
uv,1
pantalla lcd,1
de carcasa,1
carcasa para,1
con botones,1
pantalla aliexpress,1
492,1
fighters ex,1
ex kof,1
kof ver,1
ver console,1
nintendo 492,1
492 japan,1
backlit lcd,1
retroiluminado,1
consola game,1
lcd retroiluminado,1
de mano,1
omega,1
de botones,1
altavoz,1
kit de,1
ips de,1
de retroiluminación,1
pkg,1
advance jet,1
black gba,1
blue game,1
advance clear,1
advance silver,1
audubon,1
calico,1
marija,1
nikolic,1
marija nikolic,1
r e,1
apos,1
pir,1
crosslight,1
crosslight calico,1
calico wallpaper,1
goodnight,1
saatchi,1
goodnight moon,1
moon painting,1
painting marija,1
nikolic saatchi,1
saatchi art,1
videos original,1
original sound,1
co ltd,1
textures,1
textures minecraft,1
2016,1
new box,1
zedlabz,1
cajas,1
reproductor,1
plegable,1
stamp,1
instant,1
kodak,1
polaroid,1
instant camera,1
instant film,1
land camera,1
vintage kodak,1
film camera,1
1980s,1
party time,1
kodamatic,1
color pokemon,1
retrofit game,1
yellow blue,1
light pokemon,1
gameboy light,1
pokemon gameboy,1
color special,1
pokemen,1
yellow limited,1
console yellow,1
pokemon card,1
anime collection,1
carddass anime,1
boy pokemon,1
1998 pokemon,1
green blue,1
guide book,1
pikachu pokemon,1
nintendo ags,1
advanced sp,1
shell silver,1
micro purple,1
fullmetal,1
alchemist,1
fullmetal alchemist,1
purple game,1
mold,1
doll,1
bed,1
lavender purple,1
5 x,1
magnetic board,1
amanti,1
amanti art,1
framed magnetic,1
jaipur,1
advertising,1
cm,1
27,1
property,1
overline,1
noida,1
yappe,1
bronze,1
ltc,1
led x,1
x ray,1
470,1
sangli,1
services,1
tv repair,1
repair services,1
tiruchirappalli,1
photo frame,1
amalfi,1
super street,1
marquee,1
balrog,1
card japanese,1
ii 2,1
pcb,1
jamma,1
tcg carddass,1
arcade marquee,1
iv arcade,1
arcade edition,1
edition ps2,1
ii arcade,1
fighter capcom,1
capcom action,1
action game,1
game carddass,1
carddass trading,1
trading card,1
card collection,1
ver nintendo,1
happy mario,1
pokemon red,1
green red,1
pokemon green,1
red version,1
gameboy pokemon,1
1996,1
red box,1
pokémon red,1
map,1
nintendo pokemon,1
pocket silver,1
pocket replacement,1
gbp console,1
pixel,1
pocket white,1
get,1
dmg style,1
grey japan,1
portable game,1
compute module,1
color mario,1
gpm280 portable,1
edition game,1
editon,1
anniversary editon,1
editon console,1
mother,1
earthbound,1
mother 3,1
hobonichi,1
mother 1,1
nintendo mother,1
r earthbound,1
scripts,1
complete scripts,1
mother3,1
project,1
plush set,1
set hobonichi,1
pocket yellow,1
loud,1
yellow play,1
play loud,1
original game,1
pocket screen,1
gelb,1
micro mario,1
famicom version,1
software set,1
kyogre,1
azurite,1
azurite blue,1
color tested,1
man,1
sp azurite,1
silver color,1
シルバー,1
advance micro,1
variations,1
color blue,1
2001,1
cults,1
arquivo,1
arquivo stl,1
stl para,1
suporte,1
na caixa,1
impressão,1
impressão 3d,1
para impressão,1
bateria,1
completo na,1
caixa japonês,1
japonês r,1
ficheiro,1
svg,1
wikipédia,1
enciclopédia,1
livre,1
logo svg,1
svg wikipédia,1
wikipédia enciclopédia,1
enciclopédia livre,1
boy mercadolivre,1
logótipo,1
para cults,1
3d cults,1
boy logo,1
back,1
japan tested,1
boy game,1
mario land,1
pokemon crystal,1
pokemon gold,1
printed,1
3d printed,1
startup,1
boyz,1
3rd,1
maverick,1
3rd single,1
single album,1
nib,1
doom,1
boyz maverick,1
maverick 3rd,1
waterford,1
boyz 3rd,1
album maverick,1
extra,1
photocards,1
com boyz,1
album extra,1
extra photocards,1
photocards set,1
emf,1
sunset,1
waterford crystal,1
rumours,1
toned,1
band,1
rumours silver,1
mood ver,1
ver album,1
com music,1
chain,1
grape,1
color grape,1
grape purple,1
color purple,1
001 grape,1
red game,1
color body,1
ga,1
oxy ga,1
soft 3,1
sell,1
ポケットモンスター,1
ゲームボーイ,1
ソフトのみ,1
起動確認済み,1
ゲームボーイソフト,1
ソフトのみ 起動確認済み,1
緑,1
ジャンク扱い,1
赤,1
ポケモン,1
hardoffオフモール,1
hardoffオフモール オフモ,1
ポケットモンスター 赤,1
セーブ不可,1
ジャンク扱い ソフトのみ,1
金,1
セット,1
ポケットモンスター 緑,1
起動確認済み セーブ不可,1
動作確認済み,1
ゲームボーイカラー,1
電池交換済,1
クリスタル,1
ゲームボーイ yahoo,1
ゲームボーイポケット,1
color pink,1
color yellow,1
dandelion,1
dandelion yellow,1
colour,1
tabique,1
gameboy classic,1
con pantalla,1
perú,1
todocoleccion,1
boy launch,1
grey gameboy,1
dmg gray,1
gray first,1
first released,1
released 1989,1
torchic,1
achamo,1
sp torchic,1
achamo torchic,1
torchic orange,1
sp pokemon,1
sp achamo,1
torchic limited,1
pokemon achamo,1
orange pokemon,1
center torchic,1
ips screen,1
inside,1
ips backlit,1
gbp103,1
pokémon yellow,1
monsters pikachu,1
yellow japan,1
pokémon pocket,1
canvas painting,1
pokemon game,1
reproduced,1
quality,1
japan reproduced,1
reproduced replacement,1
replacement box,1
box case,1
case high,1
high quality,1
songs,1
label,1
tears,1
tears kingdom,1
zelda tears,1
kingdom edition,1
oled zelda,1
zelda edition,1
oled tears,1
model legend,1
64gb legend,1
switch zelda,1
wireless switch,1
manette,1
remote gamepad,1
lite switch,1
controller compatible,1
wake turbo,1
oled lite,1
sensor dual,1
turbo dual,1
switch remote,1
turbo motion,1
manette switch,1
tesla,1
joystick gamepad,1
pro pc,1
bluetooth controller,1
gamepad nintendo,1
bluetooth 2,1
tablet ps3,1
black blue,1
fruugo,1
controller bluetooth,1
professional lag,1
nfc,1
ps3 tv,1
box joystick,1
gamepad aliexpress,1
box smart,1
smart phone,1
ps3 tesla,1
shock joystick,1
pubg,1
trigger,1
triggers,1
aim,1
mobile phone,1
cell,1
phones,1
mobile controller,1
smartphone,1
phone holder,1
shoot,1
sensitive,1
l1r1,1
cell phones,1
phones accessories,1
mobile gaming,1
shoot aim,1
series 2,1
airpods pro,1
xbox elite,1
case apple,1
apple airpods,1
20w,1
2 core,1
cute cartoon,1
core controller,1
white online,1
cover compatible,1
compatible xbox,1
elite wireless,1
hall,1
8bitdo ultimate,1
controller charging,1
controller case,1
mario odyssey,1
authentic genuine,1
red right,1
new authentic,1
shoe,1
red left,1
con new,1
red com,1
genuine us,1
us version,1
consoles nintendo,1
right joycon,1
starter,1
yellow com,1
omelet,1
controller neon,1
tnp,1
tnp joycon,1
joycon case,1
l neon,1
controllers switch,1
right side,1
colored,1
green yellow,1
bracket,1
mavic,1
solar,1
blu,1
blu ray,1
toshiba,1
dmr,1
dvd recorder,1
panasonic dmr,1
bd,1
ray recorder,1
w remote,1
con neon,1
ktm,1
exc,1
llantas,1
lengüetas,1
bobcat,1
ew,1
cleaner,1
shaker,1
s7,1
water tank,1
vacuum cleaner,1
lights,1
c parcelamento,1
neck,1
crocs,1
babies,1
babies kids,1
blinds,1
window blinds,1
paint,1
32gb console,1
stores,1
pink com,1
pink joycon,1
joycon style,1
controller skin,1
sakura pink,1
skin compatible,1
resistant,1
joycons nintendo,1
black com,1
buttons nintendo,1
ग,1
switch pink,1
tpu,1
protection,1
ज,1
controllers pink,1
brhe,1
ड,1
एन,1
एन ल,1
ल ग,1
ट क,1
peach,1
princess peach,1
switch de,1
99 eur,1
kitty,1
kablooey,1
kablooey super,1
ink splatoon,1
nintendo tokyo,1
tokyo sticker,1
sticker seal,1
ed,1
3 clear,1
clear sticker,1
nintendo ltd,1
la nintendo,1
la switch,1
en la,1
2 tiktok,1
foto,1
de stock,1
sonic,1
si,1
dock set,1
blue yellow,1
wild,1
switch live,1
lite various,1
switch carrying,1
carry case,1
switch case,1
funlab,1
protective hard,1
case 10,1
2 case,1
overalls,1
case red,1
travel carrying,1
holders,1
10 game,1
lectrics pl,1
peco ho,1
pl13 accessory,1
motor pl,1
13 pl,1
online uk,1
agr,1
agr model,1
motors,1
peco accessory,1
switch machine,1
machine pl,1
railways,1
railroad,1
peco model,1
model railroad,1
für,1
kaufen,1
online kaufen,1
kaufen de,1
dungeons,1
minecraft dungeons,1
hero,1
hero edition,1
dungeons hero,1
scarlet,1
warriors,1
generations,1
hunter generations,1
calamity,1
age calamity,1
hotel,1
transylvania,1
overboard,1
hotel transylvania,1
transylvania 3,1
monsters overboard,1
switch 2018,1
generations ultimate,1
ultimate nintendo,1
dogma,1
dragon dogma,1
hyrule,1
hyrule warriors,1
warriors age,1
hogwarts,1
legacy,1
hogwarts legacy,1
legacy nintendo,1
game case,1
chasers,1
nightwar,1
deluxe nintendo,1
deluxe video,1
switch 2017,1
switch cartridge,1
fujifilm,1
olympus,1
smartmedia,1
sm,1
smartmedia card,1
picture,1
16mb,1
camera memory,1
xd picture,1
128mb,1
32mb,1
picture card,1
cameras,1
smart media,1
sm memory,1
sm card,1
3v,1
3 3v,1
sumikko,1
gurashi,1
sumikko gurashi,1
witcher,1
setsuna,1
switch software,1
idea,1
case japan,1
night,1
attack,1
attack titan,1
witcher 3,1
3 switch,1
märklin,1
5000 series,1
800,1
当時物,1
車両 おもちゃ,1
panorama,1
tomix,1
bus,1
tram,1
model train,1
auctionet,1
vintage antique,1
ジャンク 古いプラレール,1
early red,1
arrow plarail,1
ヨネザワ,1
ブリキ,1
レッドアロー号,1
急行電車,1
国産,1
米澤玩具,1
鉄道模型,1
レトロ,1
当時物 ヨネザワ,1
ヨネザワ ブリキ,1
プラレール,1
レッドアロー,1
旧動力,1
5000系,1
ちちぶ,1
seibu railway,1
format,1
日本製,1
西武鉄道,1
5000系 レッドアロー,1
arrow classic,1
特急,1
特急 ちちぶ,1
特急ちちぶ,1
front switch,1
西武5000系,1
プラレール 西武5000系,1
プラレール レッドアロー,1
ae,1
international,1
airport,1
keisei skyliner,1
new tokyo,1
tokyo international,1
international airport,1
西武,1
プラレール 西武,1
西武 5000系,1
hiroshima,1
オークション プラレール,1
前面スイッチ,1
controller right,1
uk pc,1
pc video,1
black hac,1
32 gb,1
india ubuy,1
mumbai,1
dealers,1
royalty images,1
images stock,1
finally,1
blue left,1
switch right,1
switch new,1
side neon,1
slime,1
juguetes,1
años,1
mcdonalds,1
support dual,1
joypad controller,1
white com,1
con white,1
caps switch,1
white right,1
tshs,1
000 tshs,1
active,1
tshs active,1
switch white,1
model white,1
screenshot,1
vibration motion,1
wireless gamepad,1
chameleon,1
chameleon purple,1
purple blue,1
ns switch,1
scratch,1
replacement shell,1
buttons joycon,1
nebula,1
switch nebula,1
nebula joycons,1
3 special,1
001 splatoon,1
box used,1
organic,1
switch organic,1
organic el,1
splatoon3,1
blind,1
spot,1
blind spot,1
radar,1
radar sensor,1
reading,1
lg,1
dvr,1
led smart,1
smart tv,1
minecraft switch,1
minecraft ultimate,1
latest,1
minecraft game,1
case game,1
700,1
1 700,1
minecraft case,1
rated,1
temu,1
ninetendo,1
switchで遊ぶ,1
nintendo switchで遊ぶ,1
マインクラフト最強攻略バイブル,1
マインクラフト,1
switchで遊ぶ マインクラフト最強攻略バイブル,1
マイクラ職人組合,1
攻略本,1
マインクラフト 攻略本,1
uk books,1
最強攻略バイブル,1
本,1
strongest,1
minecraft strongest,1
meristation,1
neón,1
128gb,1
magia,1
rojo neón,1
azul rojo,1
magia 128gb,1
hwfly,1
versión,1
nintendo video,1
dock charger,1
hacajaeaa,1
paquete,1
paquete de,1
silicona,1
funda,1
con nintendo,1
de 2,1
silicone protective,1
joystick thumb,1
stick grip,1
raiall,1
com raiall,1
controllers protective,1
silicone cover,1
handheld controller,1
protective skin,1
vertical,1
cooling fan,1
one x,1
vertical stand,1
1tb,1
con grip,1
elastic,1
dance 2025,1
adjustable elastic,1
bands,1
zumba,1
wrist bands,1
switch dance,1
2025 2024,1
2024 2023,1
2022,1
boxing,1
con 2,1
burn,1
zumba burn,1
elastic straps,1
straps nintendo,1
2023 2022,1
2022 2021,1
च,1
च र,1
rocket,1
vcr,1
4 head,1
pv,1
player recorder,1
oled 중고거래,1
스위치 브랜드,1
조이콘,1
32gb gray,1
bros ultimate,1
rise,1
switch monster,1
iherb,1
page 1,1
1 reviews,1
fl,1
ml,1
fl oz,1
stone,1
building,1
building products,1
dawn,1
enterprises,1
molding,1
com dawn,1
dawn enterprises,1
body side,1
side molding,1
molding compatible,1
g iherb,1
ml iherb,1
textured,1
reviews building,1
products 12,1
aluminum sheet,1
dock nintendo,1
console dock,1
mario 3d,1
3d stars,1
switch gris,1
gris de,1
solo,1
switch v1,1
estuche,1
switch con,1
cambios,1
poco,1
00 picclick,1
fuga,1
melodies,1
melodies steel,1
fuga melodies,1
trilogy,1
trilogy box,1
トリロジーボックス,1
trigun,1
3 trilogy,1
steel trilogy,1
戦場のフーガ1,1
戦場のフーガ1 2,1
north,1
fist north,1
north star,1
steel 1,1
english,1
トリロジーボックス switch,1
戦場のフーガ,1
戦場のフーガ トリロジーボックス,1
3 トリロジーボックス,1
medicom,1
medicom toy,1
battlefield,1
戦場のフーガ１,1
２,1
戦場のフーガ１ ２,1
switch fuga,1
nscollectors,1
r nscollectors,1
box switch,1
switch メルカリ,1
lithograph,1
georges,1
거치대,1
보드,1
플라스틱,1
휴대용,1
case replacement,1
blue used,1
ケース,1
2019,1
gc7,1
blaster,1
sound blaster,1
blaster gc7,1
creative,1
creative sound,1
dac,1
sound card,1
amp,1
dac amp,1
pxn,1
gc7 review,1
deep,1
episode,1
seen,1
new episode,1
25,1
instagram video,1
try,1
wish,1
screen r,1
di,1
possible,1
bug,1
snapchat,1
spotlight,1
reel,1
antank,1
r nintendoswitch,1
후기,1
스포츠,1
mini controller,1
super mini,1
allone,1
geekshare,1
girl,1
allone super,1
kero,1
kawaii,1
nano,1
allone switch,1
switch super,1
controller nano,1
nano size,1
size controller,1
controller gyro,1
gyro sensor,1
palm,1
device,1
number,1
x x,1
x compatible,1
compatible compatible,1
compatible palm,1
palm size,1
size game,1
game used,1
used left,1
left hand,1
hand device,1
device number,1
ovidiu,1
kloska,1
lice,1
advertise,1
pictorial,1
planning,1
36,1
c1960,1
70,1
advertise pictorial,1
pictorial enamel,1
enamel sign,1
sign outdoor,1
outdoor board,1
board family,1
family planning,1
lite gray,1
lite hdh,1
handheld gaming,1
001 32gb,1
32gb portable,1
中古,1
オークション 中古,1
21,1
通販,1
パウダー,1
中古 パウダー,1
moss,1
20 21,1
ローテーブル,1
金属,1
tineasur,1
64gb white,1
model w,1
oled 64gb,1
travel case,1
hermitshell,1
hard travel,1
hermitshell hard,1
eva,1
com hermitshell,1
fits,1
bluetooth speaker,1
hard case,1
deck,1
steam deck,1
scanner,1
case fits,1
ads,1
musical,1
tsum,1
neon purple,1
festival,1
disney tsum,1
tsum tsum,1
switch disney,1
rug,1
tsum festival,1
purple orange,1
purple neon,1
fleet,1
fleet force,1
sun,1
visor,1
soap,1
university,1
nevada,1
commencement,1
program,1
commencement program,1
ジョイコン,1
ネオンパープル,1
ネオンオレンジ,1
ネオンパープル ネオンオレンジ,1
honeywell,1
charging base,1
base station,1
afterglow,1
pdp afterglow,1
afterglow deluxe,1
prismatic,1
switch afterglow,1
afterglow wireless,1
afterglow prismatic,1
deluxe audio,1
audio wired,1
deluxe controller,1
led wired,1
2x,1
sans,1
fil,1
2x nintendo,1
wireless sans,1
sans fil,1
fil controller,1
controller prismatic,1
prismatic color,1
color select,1
137,1
gamepad pc,1
10 11,1
wired gamepad,1
ブラック switch,1
switch black,1
fx,1
unpatched,1
01 32gb,1
cond,1
dockable case,1
xi,1
quest xi,1
comcool,1
switch dragon,1
controller screen,1
protector thumb,1
comcool dockable,1
cover accessories,1
drop,1
lotto,1
xi lotto,1
carousell,1
huf,1
gaming video,1
capacitor,1
batteries,1
corrugated,1
de super,1
buffalo,1
mil,1
control snes,1
system snes,1
authentic super,1
mechanical keyboard,1
artisan,1
controller mechanical,1
keyboard keycap,1
keycap gaming,1
keycap diy,1
diy handmade,1
artisan keycap,1
licenced,1
bag original,1
original licenced,1
licenced nintendo,1
parts lot,1
hsj,1
bulk untested,1
untested super,1
nintendo controllers,1
op,1
exclusive,1
museum exclusive,1
exclusive controller,1
tote bag,1
cream,1
coach,1
burberry,1
gucci,1
super rare,1
softwares,1
1pc,1
1pc used,1
part,1
way,1
distribution,1
350,1
famicom super,1
famicom shvc,1
snes japanese,1
console snes,1
console controllers,1
snes tested,1
product,1
genuine product,1
50 nintendo,1
hori clear,1
hori ps2,1
ps2 analog,1
clear playstation,1
ps2 ps,1
00103,1
transparent clear,1
clear sony,1
slph 00103,1
backpack,1
unisex,1
duffle,1
acm,1
backpack girls,1
gear,1
duffle bag,1
ddr,1
blanket,1
hitter,1
new athletico,1
athletico power,1
power hitter,1
hitter rolling,1
konami dance,1
pad mat,1
gym,1
lol,1
ddr pad,1
star wars,1
eyeshadow,1
placa de,1
geforce,1
rtx,1
preta,1
vmu,1
r dreamcast,1
genuine sega,1
dreamcast vmu,1
controller dreamcast,1
dreamcast video,1
hardly,1
2 sega,1
segasaturn,1
saturn 3d,1
0137,1
multi controller,1
hss 0137,1
sega genesis,1
6 button,1
mk,1
button arcade,1
arcade pad,1
usb controller,1
controller sega,1
genesis 6,1
1470,1
mk 1470,1
insert,1
controller mk,1
8 button,1
controller 6,1
genesis controller,1
dual turbo,1
button turbo,1
asciipad,1
asciipad sg,1
sg 6,1
80116,1
dreamcast hkt,1
7700,1
hkt 7700,1
dreamcast controllers,1
sega hkt,1
60gb,1
360 60gb,1
80gb,1
magical,1
cecha00,1
magical edition,1
r ps3,1
white 80gb,1
ninokuni,1
ninokuni magical,1
40gb,1
cechh00,1
3 40gb,1
white cechh00,1
160gb,1
cejh,1
pingu,1
r psx,1
cool,1
cool pad,1
saturn skeleton,1
saturn pad,1
pad clear,1
saturn cool,1
stallion limited,1
0101 ss,1
ss good,1
condition japan,1
controller mario,1
mario gamecube,1
cirka,1
cheap,1
blue gamecube,1
reiso,1
classic wired,1
gamecube style,1
wii gamecube,1
tight,1
controller club,1
red x,1
x blue,1
red luigi,1
luigi green,1
kinect,1
saturn grey,1
saturn gray,1
0004,1
hst 0004,1
3210,1
hst 3210,1
gray controller,1
gray hst,1
5 games,1
3200,1
hst 3200,1
tested system,1
color controller,1
controller games,1
sega sega,1
gray hss,1
grey controller,1
virtua,1
grey console,1
intec,1
clear blue,1
voyee,1
pc windows,1
voyee wired,1
controller microsoft,1
voyee wireless,1
360 e,1
control xbox,1
360 con,1
360 youtube,1
cómo,1
chipeada,1
360 mercadolibre,1
en xbox,1
conectar,1
f310,1
logitech f310,1
logitech gamepad,1
gamepad f310,1
f310 usb,1
f310 gamepad,1
840,1
000058,1
840 000058,1
gamepad usb,1
pants,1
dress,1
womens,1
louis,1
vuitton,1
louis vuitton,1
explore,1
explore best,1
art deviantart,1
lámpara,1
oro,1
lámpara de,1
house,1
scientific,1
diagram,1
download scientific,1
scientific diagram,1
classification,1
flower,1
classification classification,1
studio,1
dental,1
park,1
artist,1
easter,1
ears,1
easter spring,1
floral,1
tulips,1
fine art,1
brl,1
вконтакте,1
20gb,1
bundle 2,1
2 black,1
360 original,1
xbox controllers,1
controller youtube,1
sem fio,1
controle gamesir,1
joystick sem,1
melhor,1
celular,1
t4pro,1
fio gamesir,1
gamesir t4pro,1
controle sem,1
pc switch,1
análise,1
pro melhor,1
mais,1
controle gamer,1
os,1
ios switch,1
campo,1
t4w,1
para windows,1
android iphone,1
freepik,1
phone wallpaper,1
images download,1
download freepik,1
ideas,1
ideas 2025,1
013 black,1
hacafsska,1
fps,1
fps plus,1
4 fps,1
technologies,1
nyko technologies,1
flo,1
air flo,1
nyko air,1
flo ex,1
usb pc,1
pc mac,1
ad,1
cooled,1
ex fan,1
fan cooled,1
naki,1
gamepads,1
en mandos,1
mandos para,1
ブルー,1
ホリパッド3,1
ホリパッド3 pro,1
ゲームパッド,1
ps3 hori,1
pad 3,1
3 horipad,1
turbo sony,1
ps2 turbo,1
ps3 tested,1
usb hori,1
hori ps3,1
station 3,1
hori japan,1
horipad wireless,1
ttx,1
ttx tech,1
black sony,1
hip,1
043u,1
controller hip,1
hip 043u,1
043u e,1
clashpads,1
gamester,1
orb,1
ps 4,1
controller ps4,1
double shock,1
dual force,1
catz dual,1
madcatz,1
force controller,1
impact,1
dual impact,1
force red,1
controller sony,1
8026,1
item 8026,1
red playstation,1
catz para,1
red controller,1
madcatz playstation,1
red ps2,1
시리즈,1
유선 컨트롤러,1
용,1
네오,1
블루,1
네오 유선,1
dualshock 4,1
4 wireless,1
transparente,1
controladores con,1
manete,1
kp,1
cor preto,1
kit 2,1
retrô,1
joystick manete,1
vermelho,1
vermelho mercadolivre,1
feir,1
fr,1
2120,1
turbo usb,1
fr 2120,1
universal com,1
usb fr,1
joystick feir,1
feir turbo,1
2120 vermelho,1
para playstation,1
usb com,1
original vermelho,1
para ps2,1
vx,1
roydsstick,1
roydsstick ex,1
fightsticks,1
r fightsticks,1
eightarc,1
sa,1
pro vx,1
vx sa,1
stick controller,1
qanba,1
ps3 xbox,1
stick xbox,1
ex arcade,1
ca offerup,1
layouts,1
q4raf,1
qanba eightarc,1
eightarc usb,1
usb arcade,1
stick q4raf,1
q4raf 3,1
3 1,1
1 ps3,1
hx3,1
ps3 ps4,1
stick joystick,1
ps4 switch,1
street fight,1
game stick,1
switch ps4,1
game keyboard,1
socd,1
mame,1
joystick switch,1
com arcade,1
hitbox controller,1
leverless game,1
hit,1
hit box,1
saturn fighter,1
fighter stick,1
stick x,1
fighting game,1
supports,1
swap,1
stick button,1
leverless controller,1
controller street,1
fight pc,1
keyboard supports,1
supports hot,1
hot swap,1
custom rgb,1
music keyboard,1
stick w,1
controller leverless,1
game joystick,1
arvin,1
marco,1
reloj,1
aceite,1
de aceite,1
engrasador,1
vara,1
controle arcade,1
modelo,1
teclado,1
luta,1
para switch,1
para xbox,1
2nd,1
n64 controller,1
controller ice,1
blue controller,1
mando compatible,1
compatible para,1
gamecube dol,1
led mod,1
boy player,1
gamecube mario,1
003 silver,1
playstation ps,1
oem scph,1
1200 tested,1
console playstation,1
1080,1
forum,1
smc,1
cylinder,1
pressure,1
アクセサリー,1
周辺機器,1
アクセサリー 周辺機器,1
station 1,1
wire,1
suzuki,1
tilt,1
fuel,1
55000gu,1
scph 55000gu,1
playstation1,1
system bundle,1
sony playstation1,1
controllers parts,1
9000,1
massager,1
compressor,1
analog gray,1
playstation analog,1
7000 console,1
gray oem,1
gold video,1
sixaxis,1
gold edition,1
seat,1
seats,1
bmw,1
sectional,1
sectional sofa,1
gray scph,1
psone console,1
slim psone,1
scph 101,1
snore,1
slammer,1
hot wheels,1
snore slammer,1
bostitch,1
stapler,1
electric stapler,1
gaming owner,1
owner electronics,1
electronics media,1
nintendo pro,1
controller original,1
craigslist,1
media craigslist,1
hori compact,1
compact joystick,1
hps 29,1
hori playstation,1
joystick arcade,1
controller hps,1
compact joy,1
joy stick,1
clear fighting,1
fighting controller,1
29 clear,1
stick clear,1
clear controllers,1
00085,1
slph 00085,1
コンパクトジョイスティック,1
joystick hps,1
22,1
foamtec,1
ostent,1
wii white,1
classic pro,1
white classic,1
wii classic,1
클래식,1
프로,1
블랙,1
wii 클래식,1
클래식 컨트롤러,1
무선 컨트롤러,1
조이패드,1
세대,1
2 세대,1
호환,1
유선 게임,1
닌텐도 wii,1
원격,1
컨트롤러 프로,1
터보,1
프로 컨트롤러,1
클래식 유선,1
모바일,1
조이패드 조이스틱,1
게임패드,1
스위치 무선,1
콘솔,1
컨트롤러 wii,1
조이스틱 닌텐도,1
컨트롤러 게임,1
패드 조이스틱,1
컨트롤러 브랜드,1
조이트론,1
black gray,1
black wireless,1
360 elite,1
oem black,1
120gb console,1
360 oem,1
19383,1
black green,1
x08 19383,1
eclipse,1
logo x08,1
microsoft original,1
pelican,1
controller wired,1
wired black,1
cord,1
hawk,1
game hawk,1
xbox wired,1
xbox clasico,1
clasica,1
xbox clasica,1
vendo,1
al,1
duro,1
disco duro,1
mejores juegos,1
xbox classic,1
funcionamiento,1
ギターフリークス専用コントローラ,1
ps ps2,1
プレイステーション,1
controller ru018,1
freaks controller,1
freaks ru018,1
ギターフリークス専用コントローラー,1
1070,1
scph 1070,1
tap,1
multi tap,1
multitap,1
densha,1
densha de,1
de go,1
guitar freak,1
4 player,1
pad pro,1
controller pikachu,1
gc wii,1
wario yellow,1
500 100,1
controller yellow,1
controller pokemon,1
wario controller,1
pikachu nintendo,1
controller gamecube,1
joystick inalámbrico,1
inalámbrico microsoft,1
serie,1
precio en,1
inalámbrico xbox,1
inalámbrico original,1
original negro,1
black mercadolibre,1
en pc,1
one 500gb,1
xbox serie,1
00001,1
super slim,1
ps3 super,1
3 super,1
4000b,1
cech 4000b,1
white cech,1
slim console,1
3 250gb,1
slim white,1
ps3 classic,1
slim 500gb,1
playstation3,1
4000b 250gb,1
250gb console,1
ps3 playstation,1
lw,1
4200blw,1
250gb cech,1
cech 4200blw,1
4200blw classic,1
4200b,1
cech 4200b,1
mania dj,1
ビートマニア,1
beat mania,1
konami dj,1
pro beatmania,1
dao,1
digital entertainment,1
entertainment beatmania,1
arcade joystick,1
j500b,1
stick game,1
arcade fighting,1
lever,1
blade,1
fighting edge,1
edge blade,1
blade body,1
body playstation,1
3 arcade,1
stick shell,1
shell japan,1
top fighter,1
fightbox,1
hg,1
hg j500b,1
j500b arcade,1
controller fight,1
controller w,1
hori ps1,1
g29,1
racing wheel,1
driving,1
pedals,1
logitech g29,1
g920,1
driving force,1
logitech g920,1
force racing,1
wheel pedals,1
g27,1
shifter,1
steering,1
steering wheel,1
logitech g27,1
g920 driving,1
g29 racing,1
wheel xbox,1
one pc,1
g923,1
g29 wheel,1
g29 steering,1
g29 driving,1
attachments,1
controllers attachments,1
xbox special,1
edition clear,1
duke,1
skeleton black,1
skeleton limited,1
black video,1
hyperkin,1
द,1
limited black,1
hyperkin duke,1
duke wired,1
en microsoft,1
xbox consolas,1
videojuegos microsoft,1
smoke,1
console ntsc,1
xbox méxico,1
black wired,1
mariokart,1
stock illustration,1
ai,1
generated,1
premium ai,1
ai generated,1
generated image,1
footage,1
lines,1
pngs,1
pngs download,1
texture,1
stock photo,1
abstract stock,1
stock photos,1
tones,1
gray tones,1
gradient,1
streaks,1
speed motion,1
purple dol,1
oem dol,1
shuffler,1
card shuffler,1
jumper,1
auto,1
client,1
automatic,1
screwdriver,1
universal replacement,1
case n64,1
roof,1
controller emerald,1
classic super,1
nes wii,1
white gamecube,1
wired game,1
nintendo white,1
emio,1
t3,1
boxed white,1
64 nus,1
nintendo n64,1
console nus,1
64 system,1
charcoal,1
001 usa,1
n64 nintendo,1
videojuegos nintendo,1
ps1 original,1
de playstation,1
990,1
gris para,1
playstation controller,1
vintage sony,1
pop n,1
n music,1
music controller,1
konami pop,1
n controller,1
ru014,1
playstation pop,1
music video,1
hayabusa,1
pro v,1
v hayabusa,1
fightstick,1
rap,1
elecom,1
jc,1
hayabusa fighting,1
victrix,1
command,1
command stick,1
ps custom,1
stick nintendo,1
gmas01rd,1
ps3 elecom,1
elecom arcade,1
stick usb,1
usb jc,1
jc gmas01rd,1
gmas01rd pad,1
controller tested,1
pc playstation,1
arcade fightstick,1
hori rap,1
rap real,1
custom ps1,1
allen bradley,1
converter,1
durite,1
milwaukee,1
48,1
48 59,1
pr,1
safety,1
decimator,1
dmon,1
channel,1
sdi,1
vdc,1
24 vdc,1
voltage,1
voltage converter,1
6v,1
18v,1
milwaukee power,1
power plus,1
9 6v,1
6v 18v,1
hz,1
gamecube blanco,1
controladores nintendo,1
original blanco,1
joystick nintendo,1
gamecube los,1
para sega,1
003 boxed,1
thumbsticks,1
metal thumbsticks,1
analog joystick,1
extremerate custom,1
thumbsticks ps5,1
silver metal,1
thumbstick,1
metal analog,1
alloy,1
aluminum alloy,1
sticks,1
thumbsticks analog,1
ps5 controller,1
rocker metal,1
metal aluminum,1
joystick cap,1
для,1
aluminio,1
replacement thumbsticks,1
set thumbsticks,1
symphonia console,1
game cd,1
ca video,1
console pal,1
pal version,1
green gamecube,1
controller tales,1
symphonia symphonic,1
storage rack,1
gamecube station,1
station rack,1
ゲームキューブ,1
casters,1
anyone,1
rack station,1
gamecube storage,1
dedicated storage,1
rack orange,1
japan used,1
gamecube pokemon,1
pokemon xd,1
starlight,1
gamecube starlight,1
starlight gold,1
gold console,1
post,1
101 console,1
receptor,1
control wavebird,1
wavebird wireless,1
wave,1
bird,1
wave bird,1
inalambrico,1
gamecube control,1
wavebird gamecube,1
controller grey,1
indigo clear,1
violet clear,1
cube controller,1
003 purple,1
clear nintendo,1
controle gamecube,1
clássico,1
compatível,1
e wii,1
controle clássico,1
spice,1
spice orange,1
pad orange,1
orange japan,1
controller orange,1
orange dol,1
ngc controller,1
controller gc,1
gc pad,1
gamecube oem,1
silver controller,1
silver tested,1
oem platinum,1
pad gc,1
wavebird controller,1
controller cables,1
